Student_ID,Student_Name,Gender,Age,Department,Year,Attendance_Percentage,Study_Hours_Per_Day,Assignment_Score,Internal_Marks,Exam_Marks,Previous_Semester_Score,Extracurricular_Activities,Internet_Access,Parent_Education,Overall_Score,Performance_Level,Result
STU1001,Student_1,Male,21,English,3rd Year,77.4,4.4,85.3,64.2,43.6,45.4,No,Yes,School,64.4,Good,Pass
STU1002,Student_2,Female,18,Information Technology,2nd Year,91.7,4.6,81.3,68.8,72.8,89.5,Yes,Yes,Undergraduate,74.3,Good,Pass
STU1003,Student_3,Male,20,English,2nd Year,93.3,1.7,78.0,55.4,78.3,99.8,No,Yes,Postgraduate,70.6,Good,Pass
STU1004,Student_4,Male,17,Commerce,3rd Year,70.0,4.6,74.9,71.9,62.3,44.7,Yes,Yes,Higher Secondary,69.7,Good,Pass
STU1005,Student_5,Male,21,Mathematics,3rd Year,72.2,3.7,46.7,67.4,66.4,100.0,No,Yes,Undergraduate,60.2,Average,Pass
STU1006,Student_6,Female,19,Mathematics,1st Year,91.9,2.2,95.8,90.0,69.4,69.4,No,Yes,School,85.1,Excellent,Pass
STU1007,Student_7,Male,15,Computer Science,1st Year,81.1,1.5,87.6,55.1,80.1,73.5,No,Yes,Higher Secondary,74.3,Good,Pass
STU1008,Student_8,Male,21,Commerce,3rd Year,69.1,3.8,60.6,75.4,94.5,51.2,Yes,Yes,Undergraduate,76.8,Good,Pass
STU1009,Student_9,Male,19,Information Technology,1st Year,75.6,5.4,86.4,77.8,49.4,44.4,Yes,Yes,School,71.2,Good,Pass
STU1010,Student_10,Female,20,Mathematics,3rd Year,86.2,3.6,77.8,82.8,55.3,37.0,No,No,Higher Secondary,72.0,Good,Pass
STU1011,Student_11,Male,20,Mathematics,3rd Year,74.1,2.1,66.3,66.9,56.1,86.5,Yes,Yes,Undergraduate,63.1,Average,Pass
STU1012,Student_12,Male,15,Computer Science,1st Year,54.3,0.7,92.9,75.1,61.8,69.8,No,Yes,Higher Secondary,76.6,Good,Pass
STU1013,Student_13,Male,16,Physics,1st Year,78.8,5.8,68.5,76.9,63.6,77.9,No,Yes,School,69.7,Good,Pass
STU1014,Student_14,Male,15,Information Technology,2nd Year,79.6,5.1,95.3,48.9,80.7,88.0,Yes,Yes,Undergraduate,75.0,Good,Pass
STU1015,Student_15,Female,18,English,2nd Year,82.1,4.0,83.0,67.4,59.5,69.6,No,Yes,School,70.0,Good,Pass
STU1016,Student_16,Male,21,Commerce,2nd Year,94.6,5.7,89.3,71.5,55.8,96.3,No,Yes,Postgraduate,72.2,Good,Pass
STU1017,Student_17,Female,17,Mathematics,3rd Year,82.5,3.8,83.7,73.2,57.8,58.6,No,No,Postgraduate,71.6,Good,Pass
STU1018,Student_18,Female,16,Mathematics,1st Year,84.4,2.7,83.0,73.0,71.9,64.7,Yes,Yes,Higher Secondary,76.0,Good,Pass
STU1019,Student_19,Female,15,English,3rd Year,92.6,4.3,78.2,78.1,85.4,57.5,Yes,Yes,Postgraduate,80.6,Excellent,Pass
STU1020,Student_20,Male,19,Information Technology,1st Year,82.1,2.3,64.1,99.1,69.3,83.5,Yes,Yes,School,77.5,Good,Pass
STU1021,Student_21,Female,16,Physics,3rd Year,100.0,2.0,75.9,63.7,61.1,87.7,Yes,Yes,Higher Secondary,66.9,Good,Pass
STU1022,Student_22,Male,21,Mathematics,2nd Year,69.4,4.7,88.7,77.3,53.5,64.2,Yes,No,Undergraduate,73.2,Good,Pass
STU1023,Student_23,Female,16,Information Technology,2nd Year,72.7,4.8,85.8,90.2,93.4,50.1,No,Yes,School,89.8,Excellent,Pass
STU1024,Student_24,Female,21,English,2nd Year,88.1,1.6,82.5,46.8,41.8,89.5,Yes,Yes,Undergraduate,57.0,Average,Pass
STU1025,Student_25,Female,15,Computer Science,3rd Year,94.5,1.6,43.6,75.8,67.0,57.8,Yes,Yes,Undergraduate,62.1,Average,Pass
STU1026,Student_26,Female,21,Physics,1st Year,80.0,2.8,71.8,48.5,81.8,65.0,Yes,Yes,Undergraduate,67.4,Good,Pass
STU1027,Student_27,Female,16,Commerce,1st Year,71.9,2.4,70.2,100.0,66.8,54.9,Yes,Yes,Undergraduate,79.0,Good,Pass
STU1028,Student_28,Female,19,Mathematics,2nd Year,99.6,4.2,58.5,79.3,60.9,75.3,Yes,Yes,School,66.2,Good,Pass
STU1029,Student_29,Female,20,Information Technology,2nd Year,74.1,3.6,88.6,77.4,78.6,59.5,No,Yes,Postgraduate,81.5,Excellent,Pass
STU1030,Student_30,Female,16,Computer Science,2nd Year,85.4,5.2,44.6,45.8,52.5,81.5,No,Yes,School,47.6,Low,Fail
STU1031,Student_31,Male,21,Commerce,2nd Year,95.1,4.0,87.5,64.9,42.1,62.6,Yes,Yes,Postgraduate,64.8,Good,Pass
STU1032,Student_32,Male,20,Information Technology,1st Year,77.6,2.5,94.9,65.0,75.7,79.1,Yes,Yes,Undergraduate,78.5,Good,Pass
STU1033,Student_33,Female,21,Information Technology,3rd Year,75.8,0.7,71.9,96.7,54.1,57.1,No,No,Postgraduate,74.2,Good,Pass
STU1034,Student_34,Female,19,Commerce,3rd Year,76.5,3.8,73.9,82.2,72.1,89.4,Yes,No,Undergraduate,76.1,Good,Pass
STU1035,Student_35,Female,21,Computer Science,3rd Year,91.0,0.9,89.5,48.9,68.0,63.5,Yes,Yes,Higher Secondary,68.8,Good,Pass
STU1036,Student_36,Male,15,English,3rd Year,92.6,2.5,63.5,78.6,74.2,72.4,No,No,Undergraduate,72.1,Good,Pass
STU1037,Student_37,Female,17,Computer Science,2nd Year,82.3,2.4,84.9,51.0,66.4,53.2,Yes,Yes,Postgraduate,67.4,Good,Pass
STU1038,Student_38,Male,16,Physics,2nd Year,100.0,2.7,61.2,49.2,78.8,70.8,No,Yes,Higher Secondary,63.1,Average,Pass
STU1039,Student_39,Male,17,Mathematics,2nd Year,82.3,1.5,56.7,78.3,58.7,53.7,No,Yes,Higher Secondary,64.6,Good,Pass
STU1040,Student_40,Male,21,Commerce,3rd Year,94.9,2.4,79.4,82.4,82.5,70.3,Yes,Yes,Undergraduate,81.4,Excellent,Pass
STU1041,Student_41,Male,19,English,2nd Year,77.7,5.2,74.6,78.4,50.5,56.6,No,No,School,67.8,Good,Pass
STU1042,Student_42,Male,16,Commerce,2nd Year,100.0,5.2,49.2,98.3,88.8,68.7,No,Yes,Postgraduate,78.8,Good,Pass
STU1043,Student_43,Female,21,Commerce,1st Year,97.7,5.8,96.2,77.2,100.0,78.0,Yes,Yes,Higher Secondary,91.1,Excellent,Pass
STU1044,Student_44,Female,20,Computer Science,1st Year,80.7,3.5,68.8,74.4,71.7,50.4,No,Yes,School,71.6,Good,Pass
STU1045,Student_45,Female,18,Mathematics,2nd Year,96.3,3.9,82.7,55.0,95.1,70.3,Yes,No,Undergraduate,77.6,Good,Pass
STU1046,Student_46,Female,21,Physics,1st Year,95.8,5.2,99.1,84.0,99.3,77.1,Yes,Yes,Undergraduate,94.1,Excellent,Pass
STU1047,Student_47,Female,17,Information Technology,1st Year,97.5,1.3,78.7,48.9,64.9,77.1,No,No,Undergraduate,64.2,Good,Pass
STU1048,Student_48,Male,16,Information Technology,2nd Year,57.2,4.7,94.1,100.0,62.8,99.8,No,Yes,Undergraduate,85.6,Excellent,Pass
STU1049,Student_49,Female,17,Commerce,2nd Year,89.2,5.5,62.1,84.2,57.0,59.8,No,Yes,Postgraduate,67.8,Good,Pass
STU1050,Student_50,Female,16,Mathematics,2nd Year,87.4,2.2,96.3,100.0,58.0,71.0,Yes,Yes,Higher Secondary,84.8,Excellent,Pass
STU1051,Student_51,Male,21,English,2nd Year,86.7,5.6,62.6,77.5,73.7,97.2,No,Yes,Postgraduate,71.3,Good,Pass
STU1052,Student_52,Female,15,Computer Science,3rd Year,84.2,6.6,66.4,84.9,43.8,50.4,No,Yes,Higher Secondary,65.0,Good,Pass
STU1053,Student_53,Male,20,Mathematics,3rd Year,84.5,4.7,53.2,68.1,83.4,36.5,Yes,Yes,School,68.2,Good,Pass
STU1054,Student_54,Female,21,Mathematics,2nd Year,94.8,4.4,79.0,71.4,72.7,79.0,No,Yes,School,74.4,Good,Pass
STU1055,Student_55,Male,17,Computer Science,1st Year,87.4,1.8,84.5,57.3,80.9,86.6,Yes,Yes,Higher Secondary,74.2,Good,Pass
STU1056,Student_56,Female,18,Commerce,2nd Year,84.2,5.1,86.5,51.7,67.1,39.3,Yes,Yes,Undergraduate,68.4,Good,Pass
STU1057,Student_57,Female,18,Mathematics,2nd Year,93.4,2.0,53.5,74.7,80.8,66.2,Yes,Yes,School,69.7,Good,Pass
STU1058,Student_58,Male,19,Information Technology,1st Year,86.2,4.1,80.6,71.3,74.0,55.7,Yes,Yes,Postgraduate,75.3,Good,Pass
STU1059,Student_59,Male,16,Computer Science,3rd Year,87.1,4.2,81.2,56.9,78.1,75.6,No,Yes,Higher Secondary,72.1,Good,Pass
STU1060,Student_60,Male,17,English,2nd Year,100.0,0.5,84.2,59.4,84.4,70.5,Yes,Yes,School,76.0,Good,Pass
STU1061,Student_61,Male,19,Physics,2nd Year,77.7,4.1,63.4,72.5,49.8,90.6,No,No,Higher Secondary,61.9,Average,Pass
STU1062,Student_62,Male,17,Commerce,3rd Year,66.8,7.4,37.4,56.7,58.8,50.8,Yes,Yes,Undergraduate,51.0,Average,Pass
STU1063,Student_63,Male,16,Computer Science,3rd Year,82.7,0.5,85.6,77.0,100.0,76.8,No,Yes,Higher Secondary,87.5,Excellent,Pass
STU1064,Student_64,Male,21,Physics,1st Year,84.1,3.4,72.8,57.1,73.3,80.3,No,Yes,School,67.7,Good,Pass
STU1065,Student_65,Male,21,Physics,3rd Year,89.2,0.6,79.2,75.6,42.5,71.8,Yes,Yes,Higher Secondary,65.8,Good,Pass
STU1066,Student_66,Female,18,English,3rd Year,83.1,2.2,73.6,55.9,42.6,40.9,No,Yes,School,57.4,Average,Pass
STU1067,Student_67,Female,21,Mathematics,3rd Year,89.6,0.6,78.5,55.9,68.8,77.2,No,Yes,School,67.7,Good,Pass
STU1068,Student_68,Male,21,English,1st Year,100.0,3.7,86.1,38.9,61.6,60.0,No,Yes,School,62.2,Average,Pass
STU1069,Student_69,Female,15,Mathematics,3rd Year,90.0,4.7,47.1,69.8,57.1,44.9,No,Yes,Postgraduate,58.0,Average,Pass
STU1070,Student_70,Female,18,Mathematics,3rd Year,91.8,4.1,92.1,92.4,98.7,76.5,No,Yes,Undergraduate,94.4,Excellent,Pass
STU1071,Student_71,Female,19,Computer Science,1st Year,80.7,2.1,72.3,91.6,64.1,82.5,No,Yes,Undergraduate,76.0,Good,Pass
STU1072,Student_72,Female,20,Computer Science,3rd Year,68.1,2.6,99.4,76.5,83.1,61.8,Yes,Yes,Higher Secondary,86.3,Excellent,Pass
STU1073,Student_73,Male,15,Commerce,3rd Year,59.0,3.9,68.1,44.0,66.0,83.5,No,Yes,Higher Secondary,59.4,Average,Pass
STU1074,Student_74,Female,19,Mathematics,1st Year,76.8,2.2,64.8,83.8,65.3,83.7,Yes,No,School,71.3,Good,Pass
STU1075,Student_75,Male,16,Physics,2nd Year,56.2,1.5,72.8,75.2,43.7,70.7,Yes,Yes,Undergraduate,63.9,Average,Pass
STU1076,Student_76,Female,15,Information Technology,1st Year,87.1,3.1,82.5,66.3,82.3,79.9,Yes,Yes,Higher Secondary,77.0,Good,Pass
STU1077,Student_77,Female,19,Commerce,3rd Year,78.2,2.1,70.9,88.9,32.5,85.6,No,Yes,Higher Secondary,64.1,Good,Pass
STU1078,Student_78,Female,16,Computer Science,3rd Year,68.9,4.1,83.6,80.6,83.9,78.9,No,No,Undergraduate,82.7,Excellent,Pass
STU1079,Student_79,Male,18,English,3rd Year,83.3,5.4,69.2,99.5,72.4,36.7,Yes,Yes,School,80.4,Excellent,Pass
STU1080,Student_80,Female,20,Commerce,1st Year,74.6,7.4,75.5,52.3,79.9,33.2,Yes,Yes,Higher Secondary,69.2,Good,Pass
STU1081,Student_81,Male,16,Commerce,3rd Year,86.5,4.0,100.0,53.4,70.1,87.0,No,Yes,School,74.5,Good,Pass
STU1082,Student_82,Female,21,Commerce,3rd Year,89.1,4.5,80.4,55.8,50.3,60.7,Yes,Yes,Undergraduate,62.2,Average,Pass
STU1083,Student_83,Male,17,Commerce,1st Year,75.0,2.6,81.6,68.0,76.4,63.6,Yes,Yes,Undergraduate,75.3,Good,Pass
STU1084,Student_84,Female,16,Information Technology,2nd Year,79.6,2.7,52.9,94.2,83.6,99.3,No,Yes,Higher Secondary,76.9,Good,Pass
STU1085,Student_85,Male,16,English,2nd Year,84.1,5.4,95.3,63.3,62.3,60.0,No,Yes,Higher Secondary,73.6,Good,Pass
STU1086,Student_86,Male,20,English,3rd Year,67.9,3.1,91.0,63.6,80.5,68.9,Yes,Yes,Undergraduate,78.4,Good,Pass
STU1087,Student_87,Female,17,English,1st Year,84.1,3.6,64.3,77.8,74.7,71.2,No,Yes,School,72.3,Good,Pass
STU1088,Student_88,Male,21,Mathematics,3rd Year,67.7,5.3,90.7,83.8,77.2,67.8,No,Yes,School,83.9,Excellent,Pass
STU1089,Student_89,Female,19,Physics,1st Year,87.7,3.1,79.9,40.7,56.2,91.2,No,Yes,Postgraduate,58.9,Average,Pass
STU1090,Student_90,Female,19,English,1st Year,77.6,5.8,75.7,86.6,90.5,65.4,Yes,Yes,Undergraduate,84.3,Excellent,Pass
STU1091,Student_91,Female,16,Commerce,2nd Year,67.6,4.4,94.4,62.8,74.7,81.8,Yes,Yes,Higher Secondary,77.3,Good,Pass
STU1092,Student_92,Female,17,Commerce,2nd Year,76.2,4.2,67.3,70.6,83.3,72.1,Yes,Yes,Undergraduate,73.7,Good,Pass
STU1093,Student_93,Female,17,English,1st Year,76.6,2.5,64.2,91.9,63.8,85.5,No,No,Higher Secondary,73.3,Good,Pass
STU1094,Student_94,Female,21,English,3rd Year,92.7,4.3,78.1,69.0,85.7,50.4,No,Yes,School,77.6,Good,Pass
STU1095,Student_95,Female,20,Commerce,2nd Year,83.7,2.9,82.9,50.6,63.2,37.2,Yes,Yes,Higher Secondary,65.6,Good,Pass
STU1096,Student_96,Female,18,Mathematics,3rd Year,72.4,4.2,89.5,51.4,55.7,71.4,No,Yes,Postgraduate,65.5,Good,Pass
STU1097,Student_97,Female,19,Computer Science,2nd Year,98.5,3.3,72.7,71.6,98.3,58.3,No,Yes,School,80.9,Excellent,Pass
STU1098,Student_98,Female,20,Computer Science,2nd Year,88.3,5.0,62.3,67.3,32.0,93.0,No,Yes,Postgraduate,53.9,Average,Pass
STU1099,Student_99,Female,15,English,3rd Year,78.6,3.5,100.0,72.8,100.0,69.8,No,Yes,Undergraduate,90.9,Excellent,Pass
STU1100,Student_100,Male,19,Information Technology,2nd Year,66.5,6.6,58.7,66.4,81.2,74.3,No,Yes,Higher Secondary,68.8,Good,Pass
STU1101,Student_101,Male,20,English,2nd Year,77.8,3.1,75.8,89.4,65.0,66.4,Yes,Yes,School,76.7,Good,Pass
STU1102,Student_102,Female,19,English,3rd Year,79.8,2.7,86.7,72.3,75.2,61.2,No,No,Higher Secondary,78.1,Good,Pass
STU1103,Student_103,Female,18,Computer Science,2nd Year,85.7,4.0,92.3,47.3,81.2,71.9,No,No,Postgraduate,73.6,Good,Pass
STU1104,Student_104,Female,15,Commerce,2nd Year,88.1,5.1,66.5,83.4,64.7,86.2,Yes,Yes,School,71.5,Good,Pass
STU1105,Student_105,Female,18,English,2nd Year,90.1,5.1,46.9,98.7,100.0,66.3,No,Yes,Postgraduate,81.9,Excellent,Pass
STU1106,Student_106,Female,21,Commerce,3rd Year,65.9,3.8,66.1,74.2,93.6,65.3,Yes,Yes,School,78.0,Good,Pass
STU1107,Student_107,Female,15,Commerce,1st Year,84.1,4.0,87.9,75.3,100.0,83.1,Yes,Yes,Undergraduate,87.7,Excellent,Pass
STU1108,Student_108,Female,16,Information Technology,3rd Year,80.4,4.0,84.6,61.1,50.5,45.7,Yes,Yes,Undergraduate,65.4,Good,Pass
STU1109,Student_109,Female,20,Commerce,1st Year,100.0,1.9,85.1,68.6,73.4,88.8,No,Yes,Higher Secondary,75.7,Good,Pass
STU1110,Student_110,Male,15,Computer Science,2nd Year,82.6,5.0,85.7,79.0,47.8,58.9,No,Yes,Postgraduate,70.8,Good,Pass
STU1111,Student_111,Female,21,Mathematics,1st Year,75.8,1.6,95.1,87.8,52.5,85.2,Yes,Yes,Postgraduate,78.5,Good,Pass
STU1112,Student_112,Male,21,Mathematics,3rd Year,83.1,1.9,63.4,78.2,64.8,75.4,No,Yes,School,68.8,Good,Pass
STU1113,Student_113,Female,18,Physics,3rd Year,81.9,3.6,57.0,97.5,65.1,39.7,No,No,Undergraduate,73.2,Good,Pass
STU1114,Student_114,Female,19,English,2nd Year,62.1,3.0,80.6,73.4,75.9,71.2,No,Yes,Higher Secondary,76.6,Good,Pass
STU1115,Student_115,Male,15,Computer Science,1st Year,86.1,4.7,59.3,56.3,68.2,90.7,Yes,Yes,Undergraduate,61.3,Average,Pass
STU1116,Student_116,Female,20,Commerce,2nd Year,78.9,4.2,56.1,56.7,82.8,66.4,Yes,Yes,Postgraduate,65.2,Good,Pass
STU1117,Student_117,Male,15,Mathematics,2nd Year,81.7,3.7,93.4,89.3,75.1,67.8,No,No,Higher Secondary,85.9,Excellent,Pass
STU1118,Student_118,Female,17,Computer Science,3rd Year,73.3,1.8,78.8,86.1,96.4,59.5,No,Yes,Undergraduate,87.1,Excellent,Pass
STU1119,Student_119,Female,19,Mathematics,1st Year,71.1,3.5,75.4,49.0,83.3,88.9,No,Yes,Undergraduate,69.2,Good,Pass
STU1120,Student_120,Male,20,Commerce,1st Year,90.8,3.4,75.7,69.1,51.1,64.1,No,No,School,65.3,Good,Pass
STU1121,Student_121,Female,20,Mathematics,1st Year,93.1,3.8,73.4,69.6,67.7,97.9,No,Yes,School,70.2,Good,Pass
STU1122,Student_122,Male,16,English,1st Year,86.2,2.9,93.3,61.5,68.8,88.3,Yes,Yes,Postgraduate,74.5,Good,Pass
STU1123,Student_123,Female,18,English,2nd Year,63.9,4.3,52.3,52.3,77.0,91.0,No,Yes,Undergraduate,60.5,Average,Pass
STU1124,Student_124,Male,16,Physics,2nd Year,86.8,3.0,51.7,61.2,87.2,72.2,Yes,Yes,School,66.7,Good,Pass
STU1125,Student_125,Male,20,Physics,3rd Year,64.0,4.1,61.0,58.7,74.5,63.7,Yes,Yes,Undergraduate,64.7,Good,Pass
STU1126,Student_126,Female,19,Mathematics,2nd Year,75.4,4.7,79.3,52.6,79.3,78.2,Yes,Yes,Higher Secondary,70.4,Good,Pass
STU1127,Student_127,Female,15,Computer Science,2nd Year,90.7,2.7,100.0,83.6,51.9,94.3,No,Yes,Undergraduate,78.5,Good,Pass
STU1128,Student_128,Male,15,English,3rd Year,88.6,2.3,88.0,76.0,62.7,97.6,No,Yes,Undergraduate,75.6,Good,Pass
STU1129,Student_129,Female,19,Computer Science,3rd Year,86.6,4.2,83.9,65.5,39.4,43.1,Yes,Yes,Postgraduate,62.9,Average,Pass
STU1130,Student_130,Female,20,Computer Science,3rd Year,95.1,1.5,73.8,43.0,77.1,100.0,Yes,Yes,Higher Secondary,64.6,Good,Pass
STU1131,Student_131,Female,21,Mathematics,2nd Year,87.6,5.2,55.0,67.8,83.5,74.8,Yes,Yes,Higher Secondary,68.8,Good,Pass
STU1132,Student_132,Male,15,Computer Science,2nd Year,61.8,3.5,82.7,79.3,48.9,82.7,No,No,School,70.3,Good,Pass
STU1133,Student_133,Male,21,English,3rd Year,78.3,3.3,100.0,61.7,72.5,57.6,No,Yes,Higher Secondary,78.1,Good,Pass
STU1134,Student_134,Male,15,Commerce,3rd Year,81.6,4.3,71.4,55.9,68.4,56.5,No,Yes,Postgraduate,65.2,Good,Pass
STU1135,Student_135,Male,15,Physics,3rd Year,80.4,4.2,66.6,70.3,97.0,49.4,No,Yes,School,78.0,Good,Pass
STU1136,Student_136,Male,18,Commerce,2nd Year,75.8,3.5,71.5,76.7,55.7,96.6,Yes,Yes,Undergraduate,68.0,Good,Pass
STU1137,Student_137,Male,18,Computer Science,2nd Year,71.7,4.8,84.0,44.0,84.7,60.7,Yes,Yes,Higher Secondary,70.9,Good,Pass
STU1138,Student_138,Male,17,Commerce,1st Year,100.0,2.5,76.7,91.0,88.3,69.6,No,Yes,Undergraduate,85.3,Excellent,Pass
STU1139,Student_139,Male,16,English,2nd Year,78.1,4.6,88.7,54.5,66.9,66.5,Yes,Yes,School,70.0,Good,Pass
STU1140,Student_140,Male,19,English,2nd Year,100.0,1.9,74.5,66.1,74.7,55.7,Yes,Yes,Higher Secondary,71.8,Good,Pass
STU1141,Student_141,Female,19,Computer Science,2nd Year,70.6,4.3,71.4,88.5,87.2,68.0,Yes,Yes,School,82.4,Excellent,Pass
STU1142,Student_142,Male,19,Mathematics,3rd Year,88.6,3.0,78.4,73.8,52.4,72.3,No,Yes,School,68.2,Good,Pass
STU1143,Student_143,Female,17,Commerce,2nd Year,84.3,1.5,66.9,87.3,63.2,89.7,No,Yes,Higher Secondary,72.5,Good,Pass
STU1144,Student_144,Female,18,Mathematics,3rd Year,72.8,3.9,100.0,93.8,73.0,55.1,Yes,Yes,Higher Secondary,88.9,Excellent,Pass
STU1145,Student_145,Female,20,Mathematics,1st Year,77.3,3.4,87.3,51.6,100.0,62.2,No,Yes,School,79.6,Excellent,Pass
STU1146,Student_146,Male,21,Information Technology,1st Year,81.8,1.2,58.5,84.6,63.6,79.3,Yes,Yes,Postgraduate,68.9,Good,Pass
STU1147,Student_147,Male,21,Computer Science,3rd Year,73.6,0.5,63.8,90.6,65.7,71.7,No,No,Higher Secondary,73.4,Good,Pass
STU1148,Student_148,Male,20,Physics,3rd Year,79.4,3.3,83.5,66.7,94.8,72.0,No,No,School,81.7,Excellent,Pass
STU1149,Student_149,Male,17,English,3rd Year,58.4,5.9,77.7,67.9,72.6,56.4,Yes,Yes,Undergraduate,72.7,Good,Pass
STU1150,Student_150,Female,20,English,2nd Year,89.1,4.0,79.5,45.2,100.0,82.7,No,Yes,Undergraduate,74.9,Good,Pass
STU1151,Student_151,Male,19,Computer Science,1st Year,94.3,2.5,72.1,82.9,87.5,92.2,No,Yes,Higher Secondary,80.8,Excellent,Pass
STU1152,Student_152,Male,16,Physics,3rd Year,86.5,5.1,81.8,36.5,67.7,90.8,Yes,Yes,Higher Secondary,62.0,Average,Pass
STU1153,Student_153,Male,15,English,2nd Year,100.0,4.9,72.5,85.6,65.4,68.1,Yes,Yes,Undergraduate,74.5,Good,Pass
STU1154,Student_154,Male,21,Computer Science,1st Year,88.8,5.4,83.5,52.2,56.8,32.3,No,No,School,64.2,Good,Pass
STU1155,Student_155,Male,18,English,2nd Year,93.4,4.5,86.6,91.5,49.1,74.5,Yes,No,School,75.7,Good,Pass
STU1156,Student_156,Female,18,Mathematics,1st Year,94.4,4.8,99.1,77.5,75.5,72.5,No,Yes,School,84.0,Excellent,Pass
STU1157,Student_157,Male,17,Commerce,2nd Year,54.5,4.6,67.3,86.1,72.0,55.7,No,Yes,Postgraduate,75.1,Good,Pass
STU1158,Student_158,Female,18,Commerce,1st Year,86.2,2.8,74.8,60.6,82.0,58.7,Yes,Yes,Higher Secondary,72.5,Good,Pass
STU1159,Student_159,Male,19,English,1st Year,68.2,1.0,56.7,53.3,68.0,56.1,Yes,Yes,Postgraduate,59.3,Average,Pass
STU1160,Student_160,Female,21,Information Technology,2nd Year,70.2,2.7,100.0,47.3,100.0,75.1,No,Yes,Postgraduate,82.4,Excellent,Pass
STU1161,Student_161,Male,20,Physics,3rd Year,71.9,5.2,45.4,87.3,48.3,58.7,Yes,Yes,Postgraduate,60.3,Average,Pass
STU1162,Student_162,Male,19,Physics,1st Year,78.9,2.9,100.0,81.3,46.5,73.5,No,Yes,Postgraduate,75.9,Good,Pass
STU1163,Student_163,Female,17,Physics,3rd Year,88.5,3.3,76.4,81.8,56.9,100.0,No,Yes,School,71.7,Good,Pass
STU1164,Student_164,Female,19,Mathematics,2nd Year,86.3,1.8,81.3,76.1,70.1,68.2,No,Yes,Higher Secondary,75.8,Good,Pass
STU1165,Student_165,Female,20,Physics,3rd Year,81.9,2.7,72.5,79.6,52.4,53.6,No,Yes,Higher Secondary,68.2,Good,Pass
STU1166,Student_166,Male,16,Commerce,3rd Year,89.2,3.5,75.5,67.9,91.6,49.2,No,Yes,Postgraduate,78.3,Good,Pass
STU1167,Student_167,Female,17,Mathematics,3rd Year,89.8,4.2,83.8,77.2,58.2,76.0,No,Yes,Higher Secondary,73.1,Good,Pass
STU1168,Student_168,Male,16,Computer Science,3rd Year,86.4,2.8,50.5,60.0,55.3,100.0,No,Yes,Undergraduate,55.3,Average,Pass
STU1169,Student_169,Male,15,Physics,3rd Year,64.8,2.7,65.2,67.2,86.9,57.5,No,Yes,School,73.1,Good,Pass
STU1170,Student_170,Female,16,Physics,1st Year,74.6,4.8,62.3,100.0,73.3,38.7,No,Yes,Higher Secondary,78.5,Good,Pass
STU1171,Student_171,Female,15,Computer Science,1st Year,82.3,4.0,81.7,72.5,82.6,96.6,No,Yes,School,78.9,Good,Pass
STU1172,Student_172,Male,15,Physics,1st Year,89.3,4.2,75.1,44.4,69.2,100.0,Yes,No,Undergraduate,62.9,Average,Pass
STU1173,Student_173,Male,16,Computer Science,2nd Year,68.7,5.8,84.3,66.3,74.3,82.4,No,Yes,School,75.0,Good,Pass
STU1174,Student_174,Female,17,Mathematics,3rd Year,81.9,2.7,77.5,57.2,47.1,77.5,Yes,Yes,Undergraduate,60.6,Average,Pass
STU1175,Student_175,Female,20,Commerce,1st Year,66.3,3.4,90.9,74.2,67.6,72.0,Yes,Yes,Postgraduate,77.6,Good,Pass
STU1176,Student_176,Female,19,Computer Science,2nd Year,92.3,4.3,63.9,59.5,53.2,81.2,Yes,Yes,Higher Secondary,58.9,Average,Pass
STU1177,Student_177,Male,19,Information Technology,1st Year,84.4,2.2,75.9,69.0,100.0,80.5,No,No,Postgraduate,81.6,Excellent,Pass
STU1178,Student_178,Male,20,Computer Science,1st Year,68.5,3.8,91.6,61.6,90.7,75.2,Yes,Yes,Higher Secondary,81.3,Excellent,Pass
STU1179,Student_179,Male,21,Physics,3rd Year,68.5,3.5,88.6,74.8,59.5,56.7,No,Yes,Postgraduate,74.3,Good,Pass
STU1180,Student_180,Male,21,Mathematics,2nd Year,85.9,7.7,52.8,63.2,66.7,75.2,No,Yes,Undergraduate,60.9,Average,Pass
STU1181,Student_181,Male,15,English,3rd Year,95.7,3.6,59.7,77.0,67.4,69.5,Yes,Yes,Higher Secondary,68.0,Good,Pass
STU1182,Student_182,Male,15,Mathematics,3rd Year,71.0,5.2,73.8,99.3,100.0,59.0,No,No,Postgraduate,91.0,Excellent,Pass
STU1183,Student_183,Female,17,English,1st Year,89.9,4.7,71.5,55.8,76.3,75.1,No,Yes,School,67.9,Good,Pass
STU1184,Student_184,Male,18,Computer Science,3rd Year,76.6,1.8,74.0,82.1,63.2,63.7,No,Yes,School,73.1,Good,Pass
STU1185,Student_185,Male,16,Commerce,2nd Year,90.2,1.2,86.9,37.7,72.3,72.0,Yes,No,Postgraduate,65.6,Good,Pass
STU1186,Student_186,Male,15,Information Technology,3rd Year,88.8,3.9,79.3,68.7,45.4,77.8,Yes,Yes,Undergraduate,64.5,Good,Pass
STU1187,Student_187,Female,19,Mathematics,3rd Year,83.6,5.4,80.2,75.2,68.8,80.0,No,Yes,Postgraduate,74.7,Good,Pass
STU1188,Student_188,Male,17,Physics,3rd Year,63.7,3.9,85.1,61.5,52.7,64.1,Yes,Yes,School,66.4,Good,Pass
STU1189,Student_189,Male,16,English,1st Year,88.8,3.6,91.1,47.0,40.4,77.8,Yes,Yes,Higher Secondary,59.5,Average,Pass
STU1190,Student_190,Female,17,Physics,2nd Year,87.0,3.1,30.0,71.5,100.0,81.2,Yes,Yes,Higher Secondary,67.2,Good,Pass
STU1191,Student_191,Male,16,Commerce,1st Year,86.1,1.5,69.2,93.4,69.6,85.6,No,Yes,Postgraduate,77.4,Good,Pass
STU1192,Student_192,Male,16,English,1st Year,84.0,2.1,61.8,69.9,57.7,75.6,Yes,No,Higher Secondary,63.1,Average,Pass
STU1193,Student_193,Male,20,Mathematics,1st Year,73.2,1.1,82.1,79.8,42.8,80.1,No,Yes,School,68.2,Good,Pass
STU1194,Student_194,Male,15,Computer Science,1st Year,92.8,1.8,68.1,87.8,66.5,64.7,No,Yes,Higher Secondary,74.1,Good,Pass
STU1195,Student_195,Male,17,Physics,1st Year,91.0,2.7,76.1,100.0,67.6,100.0,No,Yes,Postgraduate,81.2,Excellent,Pass
STU1196,Student_196,Female,17,Commerce,2nd Year,71.2,4.7,87.8,57.3,82.2,70.0,Yes,Yes,Postgraduate,75.8,Good,Pass
STU1197,Student_197,Female,20,Mathematics,3rd Year,95.1,2.8,66.0,58.7,54.7,87.8,No,Yes,Postgraduate,59.8,Average,Pass
STU1198,Student_198,Female,19,Mathematics,1st Year,83.3,3.9,80.4,67.9,61.5,63.7,Yes,Yes,School,69.9,Good,Pass
STU1199,Student_199,Male,19,Mathematics,1st Year,83.3,3.7,98.3,80.6,55.2,76.6,Yes,Yes,Undergraduate,78.0,Good,Pass
STU1200,Student_200,Male,21,Mathematics,2nd Year,80.2,4.2,87.5,39.5,66.5,76.1,Yes,Yes,Higher Secondary,64.5,Good,Pass
STU1201,Student_201,Male,15,English,2nd Year,81.2,1.9,51.2,81.2,38.1,78.9,Yes,Yes,Postgraduate,56.8,Average,Pass
STU1202,Student_202,Female,15,Mathematics,3rd Year,95.7,5.1,70.6,74.1,57.1,58.3,No,No,Undergraduate,67.3,Good,Pass
STU1203,Student_203,Male,18,Physics,2nd Year,92.3,1.4,80.3,64.5,80.1,76.8,No,No,Postgraduate,75.0,Good,Pass
STU1204,Student_204,Male,20,Commerce,3rd Year,92.1,2.8,83.3,78.0,50.4,63.8,No,Yes,Postgraduate,70.6,Good,Pass
STU1205,Student_205,Female,19,English,1st Year,83.8,3.5,71.2,84.5,86.0,83.3,Yes,No,School,80.6,Excellent,Pass
STU1206,Student_206,Male,16,Mathematics,1st Year,90.9,4.6,65.4,86.4,84.0,57.8,No,Yes,School,78.6,Good,Pass
STU1207,Student_207,Female,17,Information Technology,3rd Year,73.7,5.6,76.0,72.2,85.3,75.6,Yes,Yes,Undergraduate,77.8,Good,Pass
STU1208,Student_208,Female,15,Information Technology,2nd Year,87.8,4.7,58.7,76.6,69.9,70.6,No,Yes,Postgraduate,68.4,Good,Pass
STU1209,Student_209,Female,17,Commerce,3rd Year,80.5,5.6,91.5,76.0,68.5,98.8,Yes,Yes,Higher Secondary,78.7,Good,Pass
STU1210,Student_210,Male,17,Computer Science,2nd Year,61.4,2.3,100.0,89.2,75.1,87.8,No,Yes,Higher Secondary,88.1,Excellent,Pass
STU1211,Student_211,Male,18,Computer Science,1st Year,66.1,5.3,80.9,77.3,91.1,91.6,No,Yes,Higher Secondary,83.1,Excellent,Pass
STU1212,Student_212,Male,19,English,2nd Year,75.4,5.0,71.5,81.0,89.7,59.4,Yes,Yes,Undergraduate,80.7,Excellent,Pass
STU1213,Student_213,Male,15,English,3rd Year,86.2,0.5,89.1,84.5,43.4,65.2,No,Yes,School,72.3,Good,Pass
STU1214,Student_214,Male,17,English,3rd Year,75.4,3.2,86.6,99.4,56.0,70.9,No,Yes,Undergraduate,80.7,Excellent,Pass
STU1215,Student_215,Male,15,Computer Science,1st Year,76.1,4.4,70.9,63.8,53.1,88.2,No,Yes,School,62.6,Average,Pass
STU1216,Student_216,Male,16,Information Technology,2nd Year,89.6,2.7,74.3,94.8,81.6,76.6,No,Yes,Higher Secondary,83.6,Excellent,Pass
STU1217,Student_217,Female,18,Computer Science,2nd Year,76.4,1.9,65.9,100.0,59.1,59.8,No,Yes,Higher Secondary,75.0,Good,Pass
STU1218,Student_218,Male,16,Physics,2nd Year,95.3,6.7,77.5,64.7,66.7,60.4,No,Yes,School,69.6,Good,Pass
STU1219,Student_219,Female,15,Mathematics,1st Year,93.7,3.7,79.5,69.0,97.3,88.9,No,No,Higher Secondary,81.9,Excellent,Pass
STU1220,Student_220,Male,21,English,2nd Year,82.2,3.7,63.3,66.0,87.9,77.1,No,Yes,Undergraduate,72.4,Good,Pass
STU1221,Student_221,Male,15,Information Technology,3rd Year,89.5,1.5,58.9,81.2,92.0,71.8,No,Yes,School,77.4,Good,Pass
STU1222,Student_222,Male,19,Commerce,2nd Year,88.2,2.6,55.1,45.9,58.5,70.5,No,Yes,Higher Secondary,53.2,Average,Pass
STU1223,Student_223,Female,17,Commerce,1st Year,79.5,2.2,81.2,65.0,25.7,84.4,Yes,Yes,Postgraduate,57.3,Average,Pass
STU1224,Student_224,Female,17,Mathematics,2nd Year,90.6,5.1,74.8,68.2,63.7,55.2,Yes,No,Higher Secondary,68.9,Good,Pass
STU1225,Student_225,Female,16,Information Technology,2nd Year,92.1,4.3,73.7,66.9,47.0,71.8,No,Yes,Postgraduate,62.5,Average,Pass
STU1226,Student_226,Female,18,Computer Science,3rd Year,72.5,2.6,82.0,66.8,38.9,72.7,No,Yes,Higher Secondary,62.6,Average,Pass
STU1227,Student_227,Male,21,Computer Science,2nd Year,83.5,4.3,61.5,65.2,88.1,52.3,Yes,No,Postgraduate,71.6,Good,Pass
STU1228,Student_228,Female,20,Physics,3rd Year,83.4,3.1,58.9,82.9,55.7,67.9,No,No,Higher Secondary,65.8,Good,Pass
STU1229,Student_229,Male,17,Physics,3rd Year,90.5,3.9,78.6,79.5,57.1,100.0,Yes,Yes,Postgraduate,71.7,Good,Pass
STU1230,Student_230,Male,19,Computer Science,1st Year,77.6,3.8,49.1,95.8,64.1,58.5,No,Yes,School,69.7,Good,Pass
STU1231,Student_231,Female,16,Commerce,3rd Year,76.0,4.1,71.1,82.9,96.3,72.9,No,Yes,School,83.4,Excellent,Pass
STU1232,Student_232,Female,16,English,3rd Year,83.7,3.9,100.0,56.6,67.4,39.8,No,Yes,Postgraduate,74.7,Good,Pass
STU1233,Student_233,Female,20,Commerce,1st Year,93.8,4.1,54.8,69.6,85.2,68.9,Yes,Yes,Higher Secondary,69.9,Good,Pass
STU1234,Student_234,Female,19,Physics,3rd Year,70.0,5.4,68.6,68.1,65.0,54.9,No,Yes,Undergraduate,67.2,Good,Pass
STU1235,Student_235,Female,18,Mathematics,1st Year,71.8,4.5,43.2,75.6,44.7,65.7,Yes,Yes,Undergraduate,54.5,Average,Pass
STU1236,Student_236,Female,19,Computer Science,2nd Year,76.8,3.0,71.5,87.3,51.0,77.4,No,Yes,Undergraduate,69.9,Good,Pass
STU1237,Student_237,Female,18,Physics,1st Year,78.6,3.4,100.0,74.6,69.9,54.1,Yes,Yes,Undergraduate,81.5,Excellent,Pass
STU1238,Student_238,Female,19,Physics,3rd Year,64.3,5.3,82.0,74.6,71.7,74.6,No,Yes,Postgraduate,76.1,Good,Pass
STU1239,Student_239,Male,19,English,1st Year,97.0,3.7,65.8,72.1,78.7,59.3,No,Yes,School,72.2,Good,Pass
STU1240,Student_240,Female,15,Computer Science,3rd Year,80.7,2.9,100.0,83.3,78.7,51.0,No,Yes,School,87.3,Excellent,Pass
STU1241,Student_241,Female,16,English,2nd Year,79.2,2.6,48.9,64.0,84.4,85.7,No,Yes,Undergraduate,65.8,Good,Pass
STU1242,Student_242,Male,19,Computer Science,1st Year,98.2,3.9,81.8,51.6,57.7,56.6,No,Yes,School,63.7,Average,Pass
STU1243,Student_243,Female,20,English,2nd Year,89.2,2.2,76.0,81.0,99.2,64.6,No,Yes,Postgraduate,85.4,Excellent,Pass
STU1244,Student_244,Male,19,Commerce,3rd Year,76.6,5.4,71.3,77.3,100.0,62.4,Yes,No,Undergraduate,82.9,Excellent,Pass
STU1245,Student_245,Male,17,Mathematics,3rd Year,83.6,1.9,87.1,90.5,61.7,74.3,Yes,Yes,Postgraduate,79.8,Excellent,Pass
STU1246,Student_246,Female,16,Mathematics,2nd Year,81.6,5.7,57.3,38.0,57.3,71.5,No,Yes,Postgraduate,50.9,Average,Pass
STU1247,Student_247,Male,17,Computer Science,1st Year,96.5,3.1,79.7,70.6,41.4,68.5,No,Yes,Higher Secondary,63.9,Average,Pass
STU1248,Student_248,Male,16,Information Technology,1st Year,80.3,1.9,77.8,73.5,72.7,60.4,No,Yes,Postgraduate,74.7,Good,Pass
STU1249,Student_249,Male,17,Physics,3rd Year,67.6,3.8,61.9,50.8,77.2,67.0,No,Yes,Higher Secondary,63.3,Average,Pass
STU1250,Student_250,Male,19,Physics,2nd Year,63.2,2.1,100.0,70.8,60.7,75.4,No,Yes,Undergraduate,77.2,Good,Pass
STU1251,Student_251,Female,19,Computer Science,2nd Year,96.8,3.6,72.3,88.6,74.5,72.8,No,Yes,Postgraduate,78.5,Good,Pass
STU1252,Student_252,Male,15,English,1st Year,74.1,2.6,72.9,100.0,47.8,87.8,No,Yes,School,73.6,Good,Pass
STU1253,Student_253,Female,20,Information Technology,1st Year,88.7,4.9,59.6,85.8,85.5,82.4,No,Yes,Undergraduate,77.0,Good,Pass
STU1254,Student_254,Male,17,Commerce,1st Year,82.7,3.7,72.5,67.5,61.5,87.6,No,Yes,Postgraduate,67.2,Good,Pass
STU1255,Student_255,Male,18,English,2nd Year,77.8,1.7,100.0,89.7,74.6,91.3,No,Yes,Postgraduate,88.1,Excellent,Pass
STU1256,Student_256,Male,15,English,1st Year,79.4,2.6,71.2,84.8,73.4,73.8,No,Yes,School,76.5,Good,Pass
STU1257,Student_257,Male,17,Computer Science,1st Year,97.8,4.6,82.8,65.2,38.6,83.8,Yes,Yes,Higher Secondary,62.2,Average,Pass
STU1258,Student_258,Female,17,Computer Science,3rd Year,67.5,5.4,89.3,63.9,83.3,76.0,No,Yes,Postgraduate,78.8,Good,Pass
STU1259,Student_259,Female,15,Physics,1st Year,78.1,3.4,72.3,69.6,57.4,90.9,Yes,Yes,Postgraduate,66.4,Good,Pass
STU1260,Student_260,Male,19,Computer Science,1st Year,91.1,1.9,68.9,57.3,73.2,44.7,Yes,Yes,School,66.5,Good,Pass
STU1261,Student_261,Male,17,Computer Science,2nd Year,69.2,5.1,82.1,67.6,47.4,66.3,No,Yes,Undergraduate,65.7,Good,Pass
STU1262,Student_262,Female,19,Computer Science,2nd Year,95.2,4.6,71.4,78.8,62.3,77.2,No,Yes,Postgraduate,70.8,Good,Pass
STU1263,Student_263,Male,15,Physics,3rd Year,90.9,5.5,70.0,86.5,75.8,79.5,Yes,Yes,Higher Secondary,77.4,Good,Pass
STU1264,Student_264,Male,19,Commerce,1st Year,84.7,3.9,89.1,66.7,52.7,70.7,Yes,No,Higher Secondary,69.5,Good,Pass
STU1265,Student_265,Male,16,Commerce,3rd Year,77.0,2.7,74.0,91.4,53.6,46.1,No,Yes,School,73.0,Good,Pass
STU1266,Student_266,Female,18,Computer Science,2nd Year,67.9,4.3,93.2,81.1,72.0,68.3,No,Yes,Higher Secondary,82.1,Excellent,Pass
STU1267,Student_267,Female,21,Physics,3rd Year,89.1,4.0,73.6,81.7,67.3,83.2,Yes,Yes,Postgraduate,74.2,Good,Pass
STU1268,Student_268,Female,17,Commerce,2nd Year,100.0,2.6,55.2,59.1,75.6,66.3,No,Yes,Higher Secondary,63.3,Average,Pass
STU1269,Student_269,Male,20,English,3rd Year,83.5,3.8,30.0,97.3,64.1,72.4,Yes,Yes,Postgraduate,63.8,Average,Pass
STU1270,Student_270,Male,18,Commerce,3rd Year,63.7,3.2,47.4,79.7,80.3,99.7,No,Yes,School,69.1,Good,Pass
STU1271,Student_271,Female,21,Commerce,1st Year,86.6,4.6,50.0,67.3,60.9,68.2,No,Yes,Higher Secondary,59.4,Average,Pass
STU1272,Student_272,Female,19,Physics,3rd Year,90.6,4.2,79.0,64.9,79.6,68.6,No,No,Postgraduate,74.5,Good,Pass
STU1273,Student_273,Female,17,English,1st Year,72.8,1.9,60.4,67.7,55.5,73.9,No,Yes,Undergraduate,61.2,Average,Pass
STU1274,Student_274,Female,19,Physics,1st Year,75.5,1.8,45.4,57.7,60.2,74.6,Yes,Yes,Postgraduate,54.4,Average,Pass
STU1275,Student_275,Male,16,Computer Science,1st Year,74.5,3.4,73.0,85.8,81.7,73.0,No,Yes,Postgraduate,80.2,Excellent,Pass
STU1276,Student_276,Female,15,Mathematics,1st Year,76.7,3.5,58.8,59.2,61.8,76.9,Yes,Yes,School,59.9,Average,Pass
STU1277,Student_277,Male,17,Commerce,3rd Year,80.3,4.6,81.9,76.1,51.3,53.1,No,Yes,Postgraduate,69.8,Good,Pass
STU1278,Student_278,Female,21,Mathematics,2nd Year,73.4,4.3,81.6,65.7,97.7,69.2,No,Yes,School,81.7,Excellent,Pass
STU1279,Student_279,Male,21,Physics,2nd Year,69.6,5.7,83.2,81.4,69.4,52.6,Yes,Yes,Postgraduate,78.0,Good,Pass
STU1280,Student_280,Female,16,Physics,2nd Year,83.7,2.8,36.6,83.3,77.5,71.8,No,No,Postgraduate,65.8,Good,Pass
STU1281,Student_281,Female,16,Physics,3rd Year,80.2,2.7,75.7,63.0,33.8,80.1,Yes,Yes,Postgraduate,57.5,Average,Pass
STU1282,Student_282,Female,17,Mathematics,1st Year,77.6,2.1,73.2,71.5,91.3,68.9,No,Yes,School,78.7,Good,Pass
STU1283,Student_283,Female,19,Physics,2nd Year,82.8,4.6,56.7,51.8,100.0,56.8,No,Yes,Postgraduate,69.5,Good,Pass
STU1284,Student_284,Male,20,Computer Science,3rd Year,66.8,3.5,42.9,95.8,89.9,64.5,No,Yes,School,76.2,Good,Pass
STU1285,Student_285,Female,21,Physics,1st Year,84.6,0.7,73.4,87.0,92.2,98.0,No,Yes,Undergraduate,84.2,Excellent,Pass
STU1286,Student_286,Male,21,Information Technology,2nd Year,77.8,3.8,91.0,52.5,63.5,92.7,Yes,Yes,School,69.0,Good,Pass
STU1287,Student_287,Male,16,Mathematics,1st Year,84.4,3.9,36.3,59.9,74.0,62.9,No,Yes,Undergraduate,56.7,Average,Pass
STU1288,Student_288,Male,18,Information Technology,2nd Year,86.0,3.3,62.5,70.1,77.8,62.8,No,Yes,School,70.1,Good,Pass
STU1289,Student_289,Male,16,Physics,2nd Year,93.3,3.9,77.0,72.5,58.8,69.4,Yes,Yes,School,69.4,Good,Pass
STU1290,Student_290,Female,20,Computer Science,2nd Year,83.0,1.7,91.9,62.4,68.0,89.6,Yes,No,Postgraduate,74.1,Good,Pass
STU1291,Student_291,Male,19,Commerce,1st Year,92.7,6.0,70.3,56.0,54.0,44.7,No,Yes,Higher Secondary,60.1,Average,Pass
STU1292,Student_292,Male,19,English,3rd Year,78.8,4.1,100.0,77.5,63.7,62.7,No,Yes,Higher Secondary,80.4,Excellent,Pass
STU1293,Student_293,Male,18,English,1st Year,79.3,0.8,48.1,96.4,83.5,77.2,No,No,Postgraduate,76.0,Good,Pass
STU1294,Student_294,Female,21,Physics,2nd Year,81.1,3.5,44.7,72.8,41.7,75.4,Yes,Yes,Undergraduate,53.1,Average,Pass
STU1295,Student_295,Female,16,Computer Science,1st Year,89.7,4.1,90.3,67.9,85.2,64.6,No,Yes,Postgraduate,81.1,Excellent,Pass
STU1296,Student_296,Female,19,Mathematics,3rd Year,88.3,1.8,39.8,66.4,44.8,67.2,Yes,Yes,Higher Secondary,50.3,Average,Pass
STU1297,Student_297,Female,20,Information Technology,1st Year,83.4,4.3,81.9,56.6,70.8,76.0,No,No,School,69.8,Good,Pass
STU1298,Student_298,Male,17,Information Technology,3rd Year,69.7,6.0,70.6,62.6,72.3,64.8,Yes,Yes,Postgraduate,68.5,Good,Pass
STU1299,Student_299,Male,15,Information Technology,3rd Year,88.1,2.5,61.5,87.9,79.2,55.0,No,No,Undergraduate,76.2,Good,Pass
STU1300,Student_300,Female,15,Mathematics,1st Year,73.4,4.1,68.6,43.0,67.1,68.2,Yes,Yes,Postgraduate,59.6,Average,Pass
STU1301,Student_301,Male,15,English,2nd Year,72.8,3.8,55.7,73.0,53.3,73.8,No,Yes,Higher Secondary,60.7,Average,Pass
STU1302,Student_302,Male,21,Computer Science,3rd Year,70.6,5.0,70.2,72.4,73.0,39.1,No,Yes,School,71.9,Good,Pass
STU1303,Student_303,Male,16,Mathematics,1st Year,81.2,3.3,75.3,73.7,100.0,76.9,No,Yes,Higher Secondary,83.0,Excellent,Pass
STU1304,Student_304,Female,18,Information Technology,3rd Year,94.1,1.9,68.8,82.2,69.8,85.6,Yes,Yes,Higher Secondary,73.6,Good,Pass
STU1305,Student_305,Female,19,Physics,2nd Year,72.3,4.9,66.2,72.9,55.9,65.6,No,Yes,Higher Secondary,65.0,Good,Pass
STU1306,Student_306,Male,17,Commerce,1st Year,98.8,2.0,78.8,65.6,62.5,65.9,Yes,Yes,Higher Secondary,69.0,Good,Pass
STU1307,Student_307,Female,20,Mathematics,1st Year,91.1,6.2,99.9,62.8,72.4,59.9,Yes,Yes,School,78.4,Good,Pass
STU1308,Student_308,Female,17,Mathematics,1st Year,67.4,4.3,71.0,90.2,65.7,68.7,No,Yes,Higher Secondary,75.6,Good,Pass
STU1309,Student_309,Female,20,Computer Science,2nd Year,78.2,2.6,87.3,86.6,63.5,62.6,No,Yes,Undergraduate,79.1,Excellent,Pass
STU1310,Student_310,Female,21,Computer Science,3rd Year,71.6,5.2,60.5,100.0,91.2,92.7,Yes,Yes,Undergraduate,83.9,Excellent,Pass
STU1311,Student_311,Female,16,Mathematics,1st Year,88.6,3.5,55.0,68.1,78.3,72.9,No,Yes,Higher Secondary,67.1,Good,Pass
STU1312,Student_312,Male,15,Information Technology,3rd Year,72.1,3.2,81.8,63.1,68.1,38.8,No,Yes,Undergraduate,71.0,Good,Pass
STU1313,Student_313,Female,16,Commerce,3rd Year,65.8,2.5,71.5,78.3,68.2,79.6,No,Yes,Higher Secondary,72.7,Good,Pass
STU1314,Student_314,Male,21,Computer Science,2nd Year,78.7,0.7,91.9,78.0,72.8,96.8,No,Yes,School,80.9,Excellent,Pass
STU1315,Student_315,Male,18,Information Technology,1st Year,93.7,4.4,94.9,80.9,79.0,78.6,No,Yes,School,84.9,Excellent,Pass
STU1316,Student_316,Female,18,Physics,3rd Year,80.1,1.1,87.6,83.9,90.5,88.9,No,Yes,Undergraduate,87.3,Excellent,Pass
STU1317,Student_317,Male,21,Computer Science,1st Year,86.0,2.3,87.3,80.8,63.4,81.2,No,Yes,Undergraduate,77.2,Good,Pass
STU1318,Student_318,Male,20,Information Technology,1st Year,86.4,4.1,30.0,87.1,54.1,85.9,No,Yes,Higher Secondary,57.1,Average,Pass
STU1319,Student_319,Male,19,Information Technology,2nd Year,66.9,2.7,81.7,88.9,61.1,85.1,Yes,Yes,Postgraduate,77.2,Good,Pass
STU1320,Student_320,Female,19,Commerce,1st Year,73.0,3.7,87.9,89.2,56.0,85.3,No,No,Higher Secondary,77.7,Good,Pass
STU1321,Student_321,Female,20,Commerce,1st Year,82.1,1.7,55.9,40.3,45.6,75.8,No,Yes,Higher Secondary,47.3,Low,Fail
STU1322,Student_322,Male,18,Physics,3rd Year,76.4,3.0,75.1,75.3,92.6,45.3,No,Yes,School,81.0,Excellent,Pass
STU1323,Student_323,Female,18,Information Technology,2nd Year,99.0,3.7,59.4,59.1,83.7,54.7,Yes,Yes,Postgraduate,67.4,Good,Pass
STU1324,Student_324,Female,18,English,1st Year,69.7,2.1,90.4,86.8,33.5,54.9,Yes,Yes,Postgraduate,70.2,Good,Pass
STU1325,Student_325,Female,16,Information Technology,3rd Year,72.9,6.0,60.7,40.0,73.5,33.1,No,Yes,Higher Secondary,58.1,Average,Pass
STU1326,Student_326,Female,18,Commerce,2nd Year,84.9,2.5,63.1,92.6,64.0,64.5,Yes,Yes,School,73.2,Good,Pass
STU1327,Student_327,Male,17,English,2nd Year,75.7,5.6,68.0,59.9,62.1,92.2,No,Yes,Undergraduate,63.3,Average,Pass
STU1328,Student_328,Male,15,Computer Science,3rd Year,53.1,3.2,100.0,56.7,22.2,49.5,Yes,No,School,59.6,Average,Pass
STU1329,Student_329,Female,18,Computer Science,3rd Year,100.0,1.1,90.1,77.0,69.6,81.9,Yes,Yes,Undergraduate,78.9,Good,Pass
STU1330,Student_330,Female,20,Mathematics,3rd Year,71.3,1.8,99.2,66.8,71.2,78.9,No,Yes,School,79.1,Excellent,Pass
STU1331,Student_331,Male,15,Commerce,3rd Year,87.6,3.8,47.8,96.9,51.2,74.4,No,Yes,Postgraduate,65.3,Good,Pass
STU1332,Student_332,Male,16,Mathematics,3rd Year,69.5,5.0,56.0,91.1,96.0,88.7,Yes,Yes,School,81.0,Excellent,Pass
STU1333,Student_333,Female,20,English,1st Year,73.4,6.2,95.1,64.8,82.7,70.4,Yes,Yes,Higher Secondary,80.9,Excellent,Pass
STU1334,Student_334,Male,15,Commerce,1st Year,65.8,3.7,48.6,86.6,52.9,93.8,No,Yes,Undergraduate,62.7,Average,Pass
STU1335,Student_335,Female,20,Physics,2nd Year,74.6,1.7,64.9,64.4,86.4,68.0,Yes,Yes,School,71.9,Good,Pass
STU1336,Student_336,Female,16,Information Technology,1st Year,75.6,3.9,100.0,64.2,62.6,76.2,No,Yes,School,75.6,Good,Pass
STU1337,Student_337,Male,17,Physics,1st Year,80.7,2.3,60.5,82.0,86.9,68.9,Yes,Yes,Undergraduate,76.5,Good,Pass
STU1338,Student_338,Male,16,English,1st Year,78.3,4.1,47.7,92.4,46.9,57.1,No,Yes,School,62.3,Average,Pass
STU1339,Student_339,Female,16,Commerce,3rd Year,67.6,2.1,75.7,65.8,72.7,50.8,Yes,No,Undergraduate,71.4,Good,Pass
STU1340,Student_340,Female,20,English,2nd Year,76.8,0.5,48.3,66.9,50.5,79.6,No,Yes,Postgraduate,55.2,Average,Pass
STU1341,Student_341,Male,21,Information Technology,2nd Year,96.5,5.5,93.6,76.2,56.6,91.2,Yes,Yes,Undergraduate,75.5,Good,Pass
STU1342,Student_342,Female,19,Computer Science,2nd Year,95.3,3.2,61.6,59.5,39.1,74.7,Yes,Yes,Undergraduate,53.4,Average,Pass
STU1343,Student_343,Male,18,Computer Science,2nd Year,86.6,3.6,58.6,93.9,50.2,78.7,Yes,Yes,Postgraduate,67.6,Good,Pass
STU1344,Student_344,Female,18,English,1st Year,88.6,5.0,75.4,59.4,50.2,47.7,No,Yes,School,61.7,Average,Pass
STU1345,Student_345,Male,17,Mathematics,1st Year,100.0,6.3,68.9,63.1,48.2,76.8,No,Yes,School,60.1,Average,Pass
STU1346,Student_346,Male,17,Commerce,3rd Year,87.7,4.6,78.8,96.7,73.0,39.8,Yes,Yes,Postgraduate,82.8,Excellent,Pass
STU1347,Student_347,Male,18,Commerce,2nd Year,88.4,3.7,82.8,75.0,41.7,53.1,Yes,Yes,Higher Secondary,66.5,Good,Pass
STU1348,Student_348,Female,19,Computer Science,1st Year,66.4,4.2,71.7,99.2,74.8,91.0,No,Yes,Undergraduate,81.9,Excellent,Pass
STU1349,Student_349,Female,18,Physics,1st Year,70.9,3.1,57.6,68.9,86.1,71.2,No,Yes,School,70.9,Good,Pass
STU1350,Student_350,Male,21,Information Technology,3rd Year,81.7,3.6,86.0,100.0,55.8,72.6,No,Yes,School,80.6,Excellent,Pass
STU1351,Student_351,Female,19,Physics,3rd Year,73.9,3.7,64.6,80.6,68.6,79.3,No,Yes,Undergraduate,71.3,Good,Pass
STU1352,Student_352,Male,17,Physics,3rd Year,72.0,2.3,62.0,61.5,64.6,83.0,Yes,Yes,Undergraduate,62.7,Average,Pass
STU1353,Student_353,Male,15,English,1st Year,73.2,3.5,77.1,61.3,63.4,66.9,Yes,Yes,Undergraduate,67.3,Good,Pass
STU1354,Student_354,Female,20,Computer Science,1st Year,67.8,4.1,46.1,51.6,29.1,75.4,Yes,Yes,Higher Secondary,42.3,Low,Fail
STU1355,Student_355,Female,21,Computer Science,3rd Year,74.1,4.3,80.9,53.1,52.0,70.0,No,Yes,Postgraduate,62.0,Average,Pass
STU1356,Student_356,Male,21,Computer Science,2nd Year,85.4,4.2,77.9,62.8,93.4,48.0,Yes,Yes,Higher Secondary,78.0,Good,Pass
STU1357,Student_357,Female,17,English,3rd Year,100.0,1.5,91.8,58.1,75.2,65.7,Yes,No,Higher Secondary,75.0,Good,Pass
STU1358,Student_358,Female,17,Mathematics,3rd Year,90.0,5.3,67.5,35.9,66.1,77.2,Yes,Yes,Undergraduate,56.5,Average,Pass
STU1359,Student_359,Male,16,Physics,3rd Year,88.4,5.2,94.9,83.8,37.7,65.2,No,Yes,Postgraduate,72.1,Good,Pass
STU1360,Student_360,Male,21,English,3rd Year,65.8,3.4,82.9,82.9,79.5,65.4,Yes,Yes,School,81.8,Excellent,Pass
STU1361,Student_361,Female,16,Commerce,1st Year,83.2,4.2,74.6,76.3,55.4,82.7,Yes,Yes,Undergraduate,68.8,Good,Pass
STU1362,Student_362,Male,16,Information Technology,2nd Year,81.3,3.2,100.0,56.1,50.2,73.4,No,Yes,Postgraduate,68.8,Good,Pass
STU1363,Student_363,Male,20,Mathematics,3rd Year,84.9,4.6,76.4,95.1,51.8,76.3,Yes,Yes,School,74.4,Good,Pass
STU1364,Student_364,Female,16,Commerce,2nd Year,78.4,2.3,67.2,69.5,78.2,46.6,Yes,Yes,Higher Secondary,71.6,Good,Pass
STU1365,Student_365,Male,19,Physics,2nd Year,98.6,5.5,76.9,60.3,68.9,77.7,No,No,Postgraduate,68.7,Good,Pass
STU1366,Student_366,Male,18,Computer Science,2nd Year,82.5,4.6,66.9,75.3,83.8,54.4,No,Yes,Higher Secondary,75.3,Good,Pass
STU1367,Student_367,Female,15,Physics,3rd Year,83.5,4.6,80.6,74.5,88.0,70.6,No,Yes,Higher Secondary,81.0,Excellent,Pass
STU1368,Student_368,Female,17,English,1st Year,62.4,3.3,94.8,37.0,58.2,55.1,Yes,Yes,Postgraduate,63.3,Average,Pass
STU1369,Student_369,Male,19,Information Technology,3rd Year,80.9,1.4,74.9,71.6,69.3,85.0,No,Yes,School,71.9,Good,Pass
STU1370,Student_370,Male,15,English,2nd Year,93.5,4.8,76.4,73.7,65.2,98.4,No,Yes,Postgraduate,71.8,Good,Pass
STU1371,Student_371,Female,21,Mathematics,2nd Year,87.6,1.4,87.0,66.7,48.2,68.8,Yes,Yes,School,67.3,Good,Pass
STU1372,Student_372,Female,21,Mathematics,1st Year,60.4,4.8,92.8,53.5,50.5,68.6,No,Yes,Undergraduate,65.6,Good,Pass
STU1373,Student_373,Female,21,Information Technology,3rd Year,77.5,2.3,68.2,53.9,67.4,86.5,No,No,Undergraduate,63.2,Average,Pass
STU1374,Student_374,Female,19,Commerce,2nd Year,99.3,1.1,77.6,79.2,69.1,79.6,No,No,Undergraduate,75.3,Good,Pass
STU1375,Student_375,Male,19,Commerce,1st Year,80.5,3.5,87.0,82.7,69.1,69.9,No,Yes,Higher Secondary,79.6,Excellent,Pass
STU1376,Student_376,Female,17,Mathematics,2nd Year,85.2,5.3,79.9,65.7,69.1,76.5,No,Yes,Undergraduate,71.6,Good,Pass
STU1377,Student_377,Female,18,Mathematics,1st Year,98.2,2.1,47.1,77.4,56.9,100.0,No,Yes,Higher Secondary,60.5,Average,Pass
STU1378,Student_378,Male,16,Computer Science,1st Year,80.5,5.9,89.7,65.6,100.0,60.9,No,Yes,School,85.1,Excellent,Pass
STU1379,Student_379,Female,21,Commerce,3rd Year,89.9,4.5,82.8,60.1,73.7,62.2,Yes,Yes,Postgraduate,72.2,Good,Pass
STU1380,Student_380,Male,20,Information Technology,2nd Year,86.1,3.7,83.9,75.0,60.8,82.9,No,Yes,Postgraduate,73.2,Good,Pass
STU1381,Student_381,Female,18,Commerce,3rd Year,88.3,2.8,57.1,55.9,76.4,100.0,Yes,Yes,Higher Secondary,63.1,Average,Pass
STU1382,Student_382,Female,20,Computer Science,2nd Year,85.8,3.0,77.3,98.5,56.4,73.7,Yes,Yes,Higher Secondary,77.4,Good,Pass
STU1383,Student_383,Female,17,English,3rd Year,76.5,4.1,87.7,51.9,70.4,45.4,No,No,Higher Secondary,70.0,Good,Pass
STU1384,Student_384,Male,17,Mathematics,2nd Year,77.5,4.8,61.8,76.0,76.4,76.9,No,No,School,71.4,Good,Pass
STU1385,Student_385,Male,17,Mathematics,3rd Year,73.5,2.6,65.7,74.1,78.8,63.1,Yes,Yes,School,72.9,Good,Pass
STU1386,Student_386,Female,15,Computer Science,1st Year,65.6,2.3,87.9,72.9,49.9,78.1,No,Yes,Undergraduate,70.2,Good,Pass
STU1387,Student_387,Male,20,Information Technology,2nd Year,94.4,3.2,65.0,92.8,100.0,50.6,Yes,Yes,Undergraduate,85.9,Excellent,Pass
STU1388,Student_388,Male,18,Mathematics,2nd Year,82.1,5.6,71.9,34.4,88.9,48.9,No,Yes,Postgraduate,65.1,Good,Pass
STU1389,Student_389,Male,18,Physics,1st Year,93.9,1.7,59.5,77.8,100.0,66.5,Yes,Yes,Undergraduate,79.1,Excellent,Pass
STU1390,Student_390,Male,19,Mathematics,3rd Year,97.7,5.2,100.0,68.2,65.9,95.8,No,Yes,School,78.0,Good,Pass
STU1391,Student_391,Male,19,Physics,2nd Year,82.5,3.6,82.8,80.2,73.9,50.4,No,No,School,79.0,Good,Pass
STU1392,Student_392,Male,21,Computer Science,2nd Year,68.9,1.0,71.2,72.8,70.6,66.2,No,Yes,School,71.5,Good,Pass
STU1393,Student_393,Female,19,Computer Science,3rd Year,80.0,2.8,68.4,70.9,61.2,49.0,Yes,Yes,School,66.8,Good,Pass
STU1394,Student_394,Female,17,Mathematics,1st Year,75.3,4.4,56.6,55.1,82.1,75.3,Yes,Yes,Postgraduate,64.6,Good,Pass
STU1395,Student_395,Male,18,Commerce,3rd Year,62.2,6.2,73.3,62.6,55.9,74.3,No,Yes,Postgraduate,63.9,Average,Pass
STU1396,Student_396,Female,20,Physics,3rd Year,77.0,1.5,85.0,100.0,81.2,49.6,No,Yes,School,88.7,Excellent,Pass
STU1397,Student_397,Female,17,Information Technology,3rd Year,81.3,0.5,62.9,80.3,62.0,90.3,No,Yes,Higher Secondary,68.4,Good,Pass
STU1398,Student_398,Female,15,Mathematics,2nd Year,75.6,1.5,76.6,86.7,76.4,42.2,No,Yes,Undergraduate,79.9,Excellent,Pass
STU1399,Student_399,Female,19,Information Technology,1st Year,74.3,5.2,69.5,67.1,93.4,94.6,Yes,Yes,Postgraduate,76.7,Good,Pass
STU1400,Student_400,Male,17,Mathematics,1st Year,69.2,0.8,95.7,60.0,67.9,91.6,Yes,Yes,Higher Secondary,74.5,Good,Pass
STU1401,Student_401,Female,17,Commerce,3rd Year,84.0,5.7,65.4,82.9,82.5,75.6,No,Yes,Undergraduate,76.9,Good,Pass
STU1402,Student_402,Female,15,Commerce,2nd Year,100.0,5.3,86.7,45.3,61.9,84.4,No,Yes,Higher Secondary,64.6,Good,Pass
STU1403,Student_403,Male,16,Commerce,3rd Year,94.8,3.8,95.9,62.9,51.1,68.3,No,Yes,School,70.0,Good,Pass
STU1404,Student_404,Male,18,English,2nd Year,88.5,2.6,69.3,67.0,96.6,47.9,No,Yes,Undergraduate,77.6,Good,Pass
STU1405,Student_405,Female,20,Commerce,2nd Year,88.8,3.6,66.2,85.2,82.0,74.5,Yes,No,Higher Secondary,77.8,Good,Pass
STU1406,Student_406,Female,21,Computer Science,2nd Year,80.7,4.4,88.8,77.8,67.8,47.4,Yes,Yes,Postgraduate,78.1,Good,Pass
STU1407,Student_407,Female,16,Computer Science,2nd Year,64.0,4.2,48.3,65.4,81.1,70.8,No,Yes,Postgraduate,64.9,Good,Pass
STU1408,Student_408,Female,19,English,1st Year,78.3,6.1,81.5,77.2,53.7,52.4,No,Yes,Postgraduate,70.8,Good,Pass
STU1409,Student_409,Female,17,Physics,2nd Year,72.3,3.1,51.4,67.8,77.1,85.6,No,Yes,Undergraduate,65.4,Good,Pass
STU1410,Student_410,Female,15,Information Technology,2nd Year,83.5,1.5,93.3,87.0,73.5,76.7,Yes,Yes,School,84.6,Excellent,Pass
STU1411,Student_411,Male,15,Mathematics,3rd Year,94.3,1.3,71.2,75.3,80.4,81.2,Yes,Yes,School,75.6,Good,Pass
STU1412,Student_412,Female,18,Mathematics,3rd Year,100.0,1.0,73.6,96.3,96.3,76.1,Yes,No,Undergraduate,88.7,Excellent,Pass
STU1413,Student_413,Female,16,English,1st Year,82.6,3.8,64.1,68.1,93.2,99.2,No,Yes,Undergraduate,75.1,Good,Pass
STU1414,Student_414,Male,21,Computer Science,3rd Year,65.3,3.1,51.3,89.2,47.8,86.3,No,Yes,School,62.8,Average,Pass
STU1415,Student_415,Male,18,Mathematics,2nd Year,82.6,3.5,94.0,73.3,38.1,96.6,No,Yes,Postgraduate,68.5,Good,Pass
STU1416,Student_416,Male,17,Computer Science,3rd Year,82.9,2.7,72.4,62.2,73.9,57.5,No,Yes,School,69.5,Good,Pass
STU1417,Student_417,Male,18,Physics,1st Year,88.8,1.8,100.0,100.0,72.7,62.9,No,Yes,School,90.9,Excellent,Pass
STU1418,Student_418,Female,20,Information Technology,3rd Year,81.8,4.4,62.8,90.3,51.8,34.7,No,Yes,Higher Secondary,68.3,Good,Pass
STU1419,Student_419,Female,15,Physics,3rd Year,82.7,0.5,65.3,75.3,54.6,65.1,No,Yes,Postgraduate,65.1,Good,Pass
STU1420,Student_420,Female,15,English,1st Year,75.7,2.3,61.5,82.7,57.7,70.5,No,Yes,Undergraduate,67.3,Good,Pass
STU1421,Student_421,Female,19,Commerce,1st Year,78.9,4.7,72.4,56.9,91.4,77.5,No,Yes,School,73.6,Good,Pass
STU1422,Student_422,Female,19,Commerce,2nd Year,87.1,2.1,98.6,57.3,62.4,63.0,No,Yes,Postgraduate,72.8,Good,Pass
STU1423,Student_423,Female,21,Commerce,3rd Year,61.9,4.1,90.2,87.6,45.9,82.0,Yes,Yes,Undergraduate,74.6,Good,Pass
STU1424,Student_424,Male,17,Physics,2nd Year,78.8,2.3,52.4,72.1,69.0,81.0,No,Yes,Higher Secondary,64.5,Good,Pass
STU1425,Student_425,Female,20,Mathematics,3rd Year,88.9,2.8,93.1,69.8,70.0,63.9,Yes,No,Higher Secondary,77.6,Good,Pass
STU1426,Student_426,Male,16,Information Technology,3rd Year,98.4,4.4,85.2,68.0,53.5,56.6,Yes,Yes,Postgraduate,68.9,Good,Pass
STU1427,Student_427,Male,18,Commerce,2nd Year,78.0,1.6,82.2,74.1,79.4,72.0,Yes,Yes,School,78.6,Good,Pass
STU1428,Student_428,Female,21,English,3rd Year,93.9,4.6,64.7,68.4,88.2,72.5,No,Yes,Undergraduate,73.8,Good,Pass
STU1429,Student_429,Male,17,English,3rd Year,98.9,3.6,65.9,43.6,64.3,61.9,No,Yes,Postgraduate,57.9,Average,Pass
STU1430,Student_430,Female,19,Commerce,3rd Year,78.1,5.4,77.1,91.8,45.9,67.1,Yes,Yes,Higher Secondary,71.6,Good,Pass
STU1431,Student_431,Male,18,Commerce,1st Year,76.4,3.8,66.7,70.5,65.6,49.7,Yes,Yes,Undergraduate,67.6,Good,Pass
STU1432,Student_432,Female,19,Information Technology,2nd Year,80.2,1.9,94.7,97.6,74.8,81.2,No,Yes,Undergraduate,89.0,Excellent,Pass
STU1433,Student_433,Male,18,Commerce,1st Year,81.2,6.1,66.1,47.3,35.5,81.4,Yes,Yes,School,49.6,Average,Fail
STU1434,Student_434,Female,16,Information Technology,2nd Year,92.9,2.0,45.8,47.3,77.7,71.7,No,Yes,Higher Secondary,56.9,Average,Pass
STU1435,Student_435,Female,17,English,2nd Year,74.3,3.2,55.5,68.1,64.0,82.5,No,Yes,Higher Secondary,62.5,Average,Pass
STU1436,Student_436,Female,18,Commerce,3rd Year,97.4,4.9,56.4,85.7,70.7,73.0,No,Yes,Higher Secondary,70.9,Good,Pass
STU1437,Student_437,Female,20,Physics,2nd Year,74.0,0.7,71.0,54.9,65.4,95.2,Yes,Yes,Undergraduate,63.8,Average,Pass
STU1438,Student_438,Female,21,Physics,1st Year,69.4,5.7,78.2,54.4,57.9,51.6,No,Yes,Higher Secondary,63.5,Average,Pass
STU1439,Student_439,Male,15,English,1st Year,87.2,1.8,75.8,77.2,68.2,74.0,Yes,Yes,Postgraduate,73.7,Good,Pass
STU1440,Student_440,Male,20,Information Technology,1st Year,94.3,2.8,81.9,67.6,61.9,84.6,Yes,Yes,Higher Secondary,70.5,Good,Pass
STU1441,Student_441,Male,20,Physics,2nd Year,83.8,3.9,71.2,79.6,64.3,93.4,Yes,Yes,Undergraduate,71.7,Good,Pass
STU1442,Student_442,Female,21,Information Technology,1st Year,86.4,3.4,71.7,67.9,55.9,82.9,No,Yes,Higher Secondary,65.2,Good,Pass
STU1443,Student_443,Male,15,Physics,2nd Year,100.0,4.7,100.0,77.4,78.6,55.4,No,Yes,Higher Secondary,85.3,Excellent,Pass
STU1444,Student_444,Female,20,Physics,1st Year,94.4,1.1,93.1,91.1,89.8,46.2,No,Yes,Undergraduate,91.3,Excellent,Pass
STU1445,Student_445,Female,18,Information Technology,1st Year,82.3,4.6,81.1,55.0,56.0,68.5,No,No,Higher Secondary,64.0,Average,Pass
STU1446,Student_446,Male,18,Mathematics,2nd Year,77.7,4.7,88.8,88.6,68.1,76.4,No,Yes,School,81.8,Excellent,Pass
STU1447,Student_447,Male,18,Physics,1st Year,93.0,5.0,46.1,48.1,52.5,85.2,Yes,Yes,Undergraduate,48.9,Low,Fail
STU1448,Student_448,Female,15,Commerce,3rd Year,90.3,1.1,62.7,80.5,76.2,54.6,Yes,Yes,Higher Secondary,73.1,Good,Pass
STU1449,Student_449,Male,20,English,2nd Year,86.2,1.3,68.5,91.9,73.6,80.2,No,Yes,School,78.0,Good,Pass
STU1450,Student_450,Female,15,Mathematics,2nd Year,78.7,3.0,62.8,64.7,60.7,30.8,Yes,Yes,Postgraduate,62.7,Average,Pass
STU1451,Student_451,Female,18,Information Technology,2nd Year,81.2,1.5,51.8,81.0,68.7,59.9,No,Yes,Undergraduate,67.2,Good,Pass
STU1452,Student_452,Female,21,Mathematics,3rd Year,80.5,0.8,81.3,65.2,83.8,83.9,Yes,Yes,Higher Secondary,76.8,Good,Pass
STU1453,Student_453,Female,20,Computer Science,2nd Year,78.9,2.9,95.8,80.2,44.3,53.1,No,Yes,Undergraduate,73.4,Good,Pass
STU1454,Student_454,Female,20,Computer Science,1st Year,76.0,3.9,74.8,40.4,49.3,54.4,No,Yes,School,54.8,Average,Pass
STU1455,Student_455,Male,19,Physics,1st Year,84.7,7.7,84.7,74.3,79.3,63.1,Yes,Yes,Undergraduate,79.4,Excellent,Pass
STU1456,Student_456,Male,19,Physics,1st Year,75.5,4.3,74.4,77.5,70.9,73.7,No,Yes,Postgraduate,74.3,Good,Pass
STU1457,Student_457,Female,16,Commerce,2nd Year,83.8,6.1,68.4,90.8,68.9,54.3,Yes,Yes,Higher Secondary,76.0,Good,Pass
STU1458,Student_458,Female,17,English,1st Year,61.0,3.4,88.8,85.0,85.1,70.5,No,Yes,Postgraduate,86.3,Excellent,Pass
STU1459,Student_459,Male,19,Mathematics,2nd Year,76.0,4.3,53.6,69.7,81.3,64.5,Yes,No,School,68.2,Good,Pass
STU1460,Student_460,Male,15,Computer Science,1st Year,93.0,3.3,47.0,75.8,97.4,88.4,Yes,Yes,Undergraduate,73.4,Good,Pass
STU1461,Student_461,Female,19,Physics,3rd Year,73.0,7.5,53.4,51.8,84.3,63.7,Yes,Yes,Higher Secondary,63.2,Average,Pass
STU1462,Student_462,Male,16,English,3rd Year,87.9,2.5,87.8,95.0,78.4,71.4,No,Yes,Higher Secondary,87.1,Excellent,Pass
STU1463,Student_463,Female,20,Mathematics,3rd Year,73.8,2.7,76.3,81.7,69.1,73.5,No,Yes,School,75.7,Good,Pass
STU1464,Student_464,Male,16,Physics,3rd Year,89.8,4.7,80.6,45.9,67.7,64.7,Yes,Yes,School,64.7,Good,Pass
STU1465,Student_465,Female,20,Physics,2nd Year,79.0,3.8,100.0,75.4,69.9,82.5,No,No,Undergraduate,81.8,Excellent,Pass
STU1466,Student_466,Male,21,Computer Science,1st Year,78.6,2.9,57.5,76.5,73.6,85.7,Yes,Yes,Higher Secondary,69.2,Good,Pass
STU1467,Student_467,Female,21,Computer Science,3rd Year,82.5,4.9,93.1,61.2,50.7,63.7,Yes,Yes,School,68.3,Good,Pass
STU1468,Student_468,Male,20,Physics,2nd Year,68.6,3.4,69.1,73.4,74.2,75.4,No,Yes,Higher Secondary,72.2,Good,Pass
STU1469,Student_469,Male,17,Information Technology,3rd Year,91.7,3.4,66.8,59.8,66.1,57.1,Yes,Yes,Undergraduate,64.2,Good,Pass
STU1470,Student_470,Female,19,Physics,3rd Year,95.0,3.8,76.2,52.3,75.7,79.5,No,Yes,Postgraduate,68.1,Good,Pass
STU1471,Student_471,Male,15,English,2nd Year,78.4,0.9,78.6,63.4,60.8,74.5,Yes,Yes,School,67.6,Good,Pass
STU1472,Student_472,Female,15,Physics,2nd Year,87.2,1.1,71.8,74.4,59.4,65.5,Yes,Yes,Undergraduate,68.5,Good,Pass
STU1473,Student_473,Male,18,Commerce,1st Year,89.8,5.1,84.2,85.0,73.7,75.9,No,Yes,Postgraduate,81.0,Excellent,Pass
STU1474,Student_474,Female,20,Commerce,1st Year,81.1,2.5,76.3,73.0,77.6,79.9,No,No,Undergraduate,75.6,Good,Pass
STU1475,Student_475,Male,15,Commerce,3rd Year,70.9,3.3,72.0,85.1,60.3,89.5,No,Yes,School,72.5,Good,Pass
STU1476,Student_476,Female,17,Information Technology,3rd Year,97.9,5.9,68.8,81.1,91.1,77.0,Yes,Yes,Undergraduate,80.3,Excellent,Pass
STU1477,Student_477,Male,20,Information Technology,1st Year,78.1,3.4,78.6,57.5,91.0,84.3,No,Yes,Higher Secondary,75.7,Good,Pass
STU1478,Student_478,Female,17,Physics,1st Year,75.9,3.2,54.7,81.0,44.7,99.6,No,Yes,School,60.1,Average,Pass
STU1479,Student_479,Male,15,Commerce,2nd Year,98.4,4.8,58.9,81.4,57.6,55.5,Yes,Yes,Higher Secondary,66.0,Good,Pass
STU1480,Student_480,Female,15,Information Technology,1st Year,88.1,2.6,69.5,96.4,71.9,88.6,Yes,Yes,Undergraduate,79.3,Excellent,Pass
STU1481,Student_481,Female,18,Computer Science,1st Year,84.6,5.3,83.2,77.7,75.9,57.8,Yes,Yes,School,78.9,Good,Pass
STU1482,Student_482,Female,15,Physics,3rd Year,72.3,4.8,100.0,54.7,100.0,60.3,Yes,No,Higher Secondary,84.9,Excellent,Pass
STU1483,Student_483,Male,20,English,1st Year,90.0,6.2,72.6,64.2,72.3,70.8,No,Yes,Higher Secondary,69.7,Good,Pass
STU1484,Student_484,Female,21,Mathematics,3rd Year,100.0,2.5,48.4,46.1,68.1,61.3,Yes,Yes,Higher Secondary,54.2,Average,Pass
STU1485,Student_485,Male,20,Physics,1st Year,90.8,5.6,63.1,79.1,51.8,58.8,Yes,Yes,Postgraduate,64.7,Good,Pass
STU1486,Student_486,Female,20,Mathematics,2nd Year,87.0,4.3,84.9,95.2,44.6,70.1,Yes,Yes,Higher Secondary,74.9,Good,Pass
STU1487,Student_487,Male,18,Commerce,1st Year,89.2,1.5,60.4,38.5,67.9,66.0,No,Yes,Higher Secondary,55.6,Average,Pass
STU1488,Student_488,Female,18,Mathematics,1st Year,78.7,0.5,55.4,95.7,100.0,61.0,No,Yes,Undergraduate,83.7,Excellent,Pass
STU1489,Student_489,Male,15,Commerce,1st Year,78.6,2.3,84.8,79.0,66.6,56.7,No,Yes,Undergraduate,76.8,Good,Pass
STU1490,Student_490,Male,16,Computer Science,3rd Year,78.5,3.9,82.0,56.9,57.6,92.4,Yes,Yes,Undergraduate,65.5,Good,Pass
STU1491,Student_491,Female,16,Mathematics,2nd Year,76.3,4.2,52.9,75.6,77.2,53.0,No,Yes,Undergraduate,68.6,Good,Pass
STU1492,Student_492,Male,18,Physics,1st Year,78.5,3.4,61.6,57.4,37.9,68.5,Yes,Yes,Postgraduate,52.3,Average,Pass
STU1493,Student_493,Male,15,Commerce,3rd Year,78.4,3.4,93.7,78.2,71.3,87.8,No,No,Undergraduate,81.1,Excellent,Pass
STU1494,Student_494,Female,16,Physics,2nd Year,79.6,3.3,87.8,72.9,83.2,83.1,Yes,Yes,Undergraduate,81.3,Excellent,Pass
STU1495,Student_495,Male,15,Information Technology,3rd Year,79.3,5.0,57.0,76.6,54.8,74.5,Yes,No,Undergraduate,62.8,Average,Pass
STU1496,Student_496,Male,15,Commerce,3rd Year,84.4,1.3,45.2,59.1,91.9,61.6,Yes,Yes,Higher Secondary,65.4,Good,Pass
STU1497,Student_497,Male,15,Mathematics,2nd Year,82.8,3.9,79.0,61.2,80.6,70.7,Yes,No,Postgraduate,73.6,Good,Pass
STU1498,Student_498,Female,19,Commerce,1st Year,83.7,2.3,70.6,79.0,92.0,54.1,Yes,Yes,Undergraduate,80.5,Excellent,Pass
STU1499,Student_499,Male,20,Physics,3rd Year,97.2,2.1,77.7,65.0,48.0,66.7,No,Yes,Higher Secondary,63.6,Average,Pass
STU1500,Student_500,Female,15,Computer Science,3rd Year,82.8,5.3,84.5,74.1,67.1,66.5,No,Yes,School,75.2,Good,Pass
STU1501,Student_501,Male,19,Commerce,1st Year,100.0,2.0,60.7,78.3,84.8,67.9,Yes,Yes,Postgraduate,74.6,Good,Pass
STU1502,Student_502,Male,18,Mathematics,1st Year,85.5,3.3,68.5,68.9,46.0,59.2,No,Yes,Undergraduate,61.1,Average,Pass
STU1503,Student_503,Male,16,Information Technology,2nd Year,77.5,6.4,61.5,88.2,85.2,45.6,No,Yes,Higher Secondary,78.3,Good,Pass
STU1504,Student_504,Female,20,English,2nd Year,95.5,4.8,62.1,69.4,67.1,89.8,Yes,Yes,School,66.2,Good,Pass
STU1505,Student_505,Male,21,Computer Science,2nd Year,81.2,2.8,83.5,69.0,85.0,86.4,Yes,Yes,School,79.2,Excellent,Pass
STU1506,Student_506,Male,16,Information Technology,1st Year,58.1,2.9,77.2,63.2,65.5,84.1,Yes,Yes,Higher Secondary,68.6,Good,Pass
STU1507,Student_507,Female,20,Commerce,3rd Year,82.0,1.7,51.6,86.6,92.6,76.7,No,Yes,Higher Secondary,76.9,Good,Pass
STU1508,Student_508,Male,21,Physics,3rd Year,79.5,5.5,85.9,62.1,49.3,73.6,No,Yes,Postgraduate,65.8,Good,Pass
STU1509,Student_509,Female,16,Physics,2nd Year,98.1,5.0,69.7,89.6,75.3,60.6,Yes,Yes,Higher Secondary,78.2,Good,Pass
STU1510,Student_510,Female,20,Mathematics,1st Year,73.0,4.5,86.6,74.3,45.8,62.2,Yes,Yes,Undergraduate,68.9,Good,Pass
STU1511,Student_511,Male,16,Physics,3rd Year,78.7,4.7,59.8,100.0,76.7,92.8,No,Yes,School,78.8,Good,Pass
STU1512,Student_512,Female,16,Computer Science,2nd Year,94.7,2.3,61.1,62.8,75.2,96.2,No,Yes,Undergraduate,66.4,Good,Pass
STU1513,Student_513,Male,21,Physics,3rd Year,85.9,1.2,78.8,89.9,65.4,68.2,No,Yes,Undergraduate,78.0,Good,Pass
STU1514,Student_514,Female,16,Mathematics,3rd Year,80.3,4.3,58.6,79.1,57.5,71.1,Yes,Yes,Undergraduate,65.1,Good,Pass
STU1515,Student_515,Female,16,English,1st Year,74.4,4.8,70.9,64.8,64.8,82.0,No,No,School,66.8,Good,Pass
STU1516,Student_516,Male,21,Commerce,1st Year,85.5,5.9,56.8,79.3,71.6,72.4,No,Yes,School,69.2,Good,Pass
STU1517,Student_517,Female,18,Commerce,3rd Year,81.7,3.2,69.1,78.6,74.5,73.5,Yes,Yes,School,74.1,Good,Pass
STU1518,Student_518,Female,15,Physics,2nd Year,74.3,3.0,74.5,67.4,100.0,70.1,No,Yes,Higher Secondary,80.6,Excellent,Pass
STU1519,Student_519,Female,17,Information Technology,1st Year,74.8,3.1,75.2,78.0,84.0,56.9,Yes,Yes,Undergraduate,79.1,Excellent,Pass
STU1520,Student_520,Female,19,Commerce,3rd Year,73.9,4.5,69.5,88.3,60.6,65.4,Yes,Yes,Postgraduate,72.8,Good,Pass
STU1521,Student_521,Female,17,English,1st Year,72.1,3.1,80.0,79.2,79.3,69.0,No,No,Higher Secondary,79.5,Excellent,Pass
STU1522,Student_522,Male,17,Physics,1st Year,91.3,3.4,77.2,66.1,84.1,33.2,Yes,Yes,Higher Secondary,75.8,Good,Pass
STU1523,Student_523,Female,20,Mathematics,1st Year,90.0,4.7,73.7,65.3,59.5,72.3,No,Yes,Postgraduate,66.2,Good,Pass
STU1524,Student_524,Male,15,English,3rd Year,91.4,2.6,65.6,70.8,81.2,100.0,Yes,Yes,Undergraduate,72.5,Good,Pass
STU1525,Student_525,Female,20,Physics,2nd Year,82.0,5.6,91.0,87.6,46.2,64.6,No,No,Postgraduate,74.9,Good,Pass
STU1526,Student_526,Male,15,English,2nd Year,79.6,4.4,80.8,61.4,58.9,71.5,Yes,Yes,School,67.0,Good,Pass
STU1527,Student_527,Male,21,Commerce,2nd Year,79.8,0.7,59.5,77.5,47.2,58.4,No,Yes,Undergraduate,61.4,Average,Pass
STU1528,Student_528,Female,21,Mathematics,1st Year,92.2,2.7,84.7,50.1,66.6,54.6,Yes,Yes,Higher Secondary,67.1,Good,Pass
STU1529,Student_529,Female,15,Physics,3rd Year,63.8,0.5,88.1,80.3,62.4,66.3,Yes,Yes,School,76.9,Good,Pass
STU1530,Student_530,Female,16,Computer Science,1st Year,76.9,3.2,73.8,82.5,63.6,80.4,No,Yes,School,73.3,Good,Pass
STU1531,Student_531,Male,18,Mathematics,2nd Year,73.1,2.8,74.8,100.0,83.0,67.5,No,Yes,Higher Secondary,85.9,Excellent,Pass
STU1532,Student_532,Female,16,Computer Science,2nd Year,95.6,4.8,44.1,85.0,71.4,65.4,No,Yes,Postgraduate,66.8,Good,Pass
STU1533,Student_533,Male,18,English,3rd Year,77.2,2.2,62.3,66.4,82.8,78.4,No,Yes,School,70.5,Good,Pass
STU1534,Student_534,Male,20,Information Technology,1st Year,65.6,4.1,87.7,50.5,96.0,74.0,No,Yes,School,78.1,Good,Pass
STU1535,Student_535,Male,18,Mathematics,2nd Year,84.2,4.4,63.3,79.2,100.0,75.2,Yes,No,Undergraduate,80.8,Excellent,Pass
STU1536,Student_536,Female,20,English,3rd Year,78.3,3.9,72.6,67.4,67.8,88.9,No,Yes,Undergraduate,69.3,Good,Pass
STU1537,Student_537,Female,21,Computer Science,1st Year,76.4,5.2,62.1,76.7,78.6,87.0,No,Yes,Higher Secondary,72.5,Good,Pass
STU1538,Student_538,Male,17,Commerce,1st Year,75.4,6.6,78.5,61.9,67.5,93.4,Yes,Yes,Higher Secondary,69.3,Good,Pass
STU1539,Student_539,Male,21,Commerce,2nd Year,75.0,3.7,80.9,69.6,86.2,52.8,No,Yes,Higher Secondary,78.9,Good,Pass
STU1540,Student_540,Female,21,Information Technology,2nd Year,89.1,4.1,81.3,48.2,83.1,83.9,No,No,Postgraduate,70.9,Good,Pass
STU1541,Student_541,Male,17,Mathematics,1st Year,84.2,2.2,57.9,57.4,59.4,95.7,No,Yes,School,58.2,Average,Pass
STU1542,Student_542,Female,18,Mathematics,1st Year,80.0,2.0,76.6,55.4,61.8,46.5,No,Yes,Higher Secondary,64.6,Good,Pass
STU1543,Student_543,Male,18,Mathematics,2nd Year,71.0,5.1,98.6,84.2,92.2,70.7,Yes,Yes,Undergraduate,91.7,Excellent,Pass
STU1544,Student_544,Female,20,English,1st Year,80.3,4.9,86.2,60.4,61.2,62.9,No,Yes,School,69.3,Good,Pass
STU1545,Student_545,Male,16,Information Technology,2nd Year,84.6,2.0,76.4,91.3,68.2,70.6,Yes,Yes,Higher Secondary,78.6,Good,Pass
STU1546,Student_546,Female,20,Mathematics,1st Year,85.0,1.5,46.0,60.6,80.8,88.2,Yes,Yes,School,62.5,Average,Pass
STU1547,Student_547,Male,16,English,2nd Year,83.6,2.5,71.3,100.0,67.4,50.1,No,Yes,School,79.6,Excellent,Pass
STU1548,Student_548,Female,21,Commerce,3rd Year,72.8,3.3,99.7,44.7,94.5,74.7,No,Yes,School,79.6,Excellent,Pass
STU1549,Student_549,Female,17,Computer Science,2nd Year,58.0,2.9,94.8,77.9,78.5,62.5,Yes,Yes,Higher Secondary,83.7,Excellent,Pass
STU1550,Student_550,Male,21,English,2nd Year,100.0,3.7,81.9,72.5,55.9,88.7,Yes,No,School,70.1,Good,Pass
STU1551,Student_551,Male,15,Commerce,3rd Year,68.9,4.9,64.2,55.0,60.6,77.3,No,Yes,School,59.9,Average,Pass
STU1552,Student_552,Female,18,Commerce,1st Year,62.4,4.2,75.8,64.3,79.4,68.6,No,Yes,School,73.2,Good,Pass
STU1553,Student_553,Male,16,Computer Science,3rd Year,83.3,4.3,86.6,68.3,69.2,60.2,Yes,Yes,Undergraduate,74.7,Good,Pass
STU1554,Student_554,Female,20,Commerce,2nd Year,64.9,0.5,89.1,75.5,39.0,100.0,Yes,Yes,Higher Secondary,67.9,Good,Pass
STU1555,Student_555,Male,17,Information Technology,1st Year,74.0,1.1,79.7,58.9,54.5,75.2,No,Yes,Postgraduate,64.4,Good,Pass
STU1556,Student_556,Female,16,Computer Science,3rd Year,87.5,2.3,87.8,78.0,73.7,49.7,No,Yes,Undergraduate,79.8,Excellent,Pass
STU1557,Student_557,Female,20,Commerce,1st Year,99.7,2.6,74.1,73.7,84.2,58.8,Yes,Yes,School,77.3,Good,Pass
STU1558,Student_558,Female,18,Physics,1st Year,85.9,4.8,73.5,82.9,84.5,77.2,Yes,Yes,School,80.3,Excellent,Pass
STU1559,Student_559,Female,21,English,3rd Year,77.6,2.2,68.1,59.9,100.0,60.0,Yes,Yes,Postgraduate,76.0,Good,Pass
STU1560,Student_560,Female,18,Commerce,1st Year,81.5,4.5,81.4,66.3,58.9,61.9,No,Yes,Postgraduate,68.9,Good,Pass
STU1561,Student_561,Female,19,Information Technology,3rd Year,63.9,2.3,90.0,92.2,59.7,85.8,No,Yes,Undergraduate,80.6,Excellent,Pass
STU1562,Student_562,Male,15,Mathematics,2nd Year,77.5,1.7,85.6,59.3,69.6,84.5,Yes,Yes,School,71.5,Good,Pass
STU1563,Student_563,Male,19,Commerce,1st Year,77.5,1.8,56.7,52.5,43.2,62.4,No,Yes,Postgraduate,50.8,Average,Pass
STU1564,Student_564,Male,17,Mathematics,2nd Year,83.5,6.9,57.5,63.2,70.0,88.6,Yes,No,Undergraduate,63.6,Average,Pass
STU1565,Student_565,Female,16,Physics,2nd Year,100.0,2.3,91.6,47.1,66.9,60.3,Yes,Yes,Postgraduate,68.5,Good,Pass
STU1566,Student_566,Female,17,Commerce,1st Year,62.6,4.5,77.6,95.4,82.7,96.4,No,Yes,School,85.2,Excellent,Pass
STU1567,Student_567,Female,21,Computer Science,3rd Year,77.9,1.2,78.2,68.0,85.4,79.1,No,Yes,School,77.2,Good,Pass
STU1568,Student_568,Female,20,Mathematics,1st Year,63.7,5.6,77.9,68.2,75.7,75.4,No,Yes,School,73.9,Good,Pass
STU1569,Student_569,Male,18,Physics,2nd Year,77.0,4.0,100.0,82.4,70.0,65.2,No,Yes,School,84.1,Excellent,Pass
STU1570,Student_570,Male,19,Computer Science,2nd Year,73.4,3.9,68.3,61.8,75.8,61.9,Yes,Yes,Higher Secondary,68.6,Good,Pass
STU1571,Student_571,Female,19,Computer Science,3rd Year,67.1,4.1,91.7,69.0,57.3,36.1,No,Yes,Higher Secondary,72.7,Good,Pass
STU1572,Student_572,Male,21,Computer Science,1st Year,91.1,4.3,78.5,61.5,68.7,66.6,No,Yes,Higher Secondary,69.6,Good,Pass
STU1573,Student_573,Male,19,Computer Science,2nd Year,84.6,4.7,51.0,47.4,70.3,70.8,Yes,Yes,Undergraduate,56.2,Average,Pass
STU1574,Student_574,Female,21,Commerce,2nd Year,90.0,2.6,62.6,72.7,68.8,43.6,No,Yes,Undergraduate,68.0,Good,Pass
STU1575,Student_575,Male,17,English,2nd Year,76.7,2.5,65.9,86.4,67.3,83.4,No,Yes,Postgraduate,73.2,Good,Pass
STU1576,Student_576,Female,18,Commerce,3rd Year,81.3,3.6,91.4,73.1,60.1,68.6,No,Yes,Postgraduate,74.9,Good,Pass
STU1577,Student_577,Male,16,Commerce,2nd Year,97.9,4.5,93.4,84.9,53.6,89.2,No,Yes,Undergraduate,77.3,Good,Pass
STU1578,Student_578,Female,20,Physics,2nd Year,82.0,3.4,80.3,56.7,66.7,60.7,No,No,Postgraduate,67.9,Good,Pass
STU1579,Student_579,Female,16,Physics,1st Year,90.1,4.7,67.2,61.4,79.5,89.5,Yes,Yes,Undergraduate,69.4,Good,Pass
STU1580,Student_580,Female,17,English,1st Year,75.8,4.4,61.3,53.9,42.2,64.3,No,Yes,Higher Secondary,52.5,Average,Pass
STU1581,Student_581,Female,20,Physics,2nd Year,89.2,3.2,92.1,77.1,62.0,70.2,No,Yes,Undergraduate,77.1,Good,Pass
STU1582,Student_582,Male,19,Information Technology,2nd Year,76.5,0.9,55.7,67.6,100.0,74.2,Yes,Yes,Undergraduate,74.4,Good,Pass
STU1583,Student_583,Female,15,English,1st Year,63.0,2.7,73.4,67.0,66.9,70.4,No,Yes,Postgraduate,69.1,Good,Pass
STU1584,Student_584,Female,17,Physics,3rd Year,81.9,6.1,100.0,81.4,72.4,75.6,No,No,Postgraduate,84.6,Excellent,Pass
STU1585,Student_585,Female,17,English,3rd Year,77.3,4.0,67.2,65.4,99.4,42.1,Yes,Yes,Undergraduate,77.3,Good,Pass
STU1586,Student_586,Male,18,Commerce,3rd Year,65.8,2.5,55.9,87.1,75.1,68.9,No,No,School,72.7,Good,Pass
STU1587,Student_587,Female,16,Commerce,3rd Year,83.9,3.9,48.5,75.3,75.5,69.8,No,Yes,Postgraduate,66.4,Good,Pass
STU1588,Student_588,Male,17,English,3rd Year,73.1,4.5,100.0,66.9,55.4,41.2,No,Yes,Undergraduate,74.1,Good,Pass
STU1589,Student_589,Female,17,Information Technology,3rd Year,100.0,2.5,80.2,50.3,75.0,80.6,No,Yes,Postgraduate,68.5,Good,Pass
STU1590,Student_590,Male,19,Information Technology,3rd Year,67.4,5.4,62.0,81.3,69.8,57.3,Yes,Yes,School,71.0,Good,Pass
STU1591,Student_591,Male,19,English,3rd Year,69.9,4.2,72.2,76.0,84.8,85.1,No,Yes,Postgraduate,77.7,Good,Pass
STU1592,Student_592,Female,20,Physics,1st Year,90.7,1.9,65.1,76.6,90.4,72.3,Yes,Yes,Undergraduate,77.4,Good,Pass
STU1593,Student_593,Male,21,Mathematics,3rd Year,80.7,4.8,47.0,77.1,70.5,62.4,No,Yes,Undergraduate,64.9,Good,Pass
STU1594,Student_594,Female,21,Information Technology,3rd Year,90.5,2.9,86.8,64.6,76.1,86.1,No,Yes,School,75.8,Good,Pass
STU1595,Student_595,Female,15,Computer Science,3rd Year,85.8,3.2,75.5,69.9,39.8,95.9,Yes,Yes,Undergraduate,61.7,Average,Pass
STU1596,Student_596,Female,21,Commerce,2nd Year,76.2,2.0,85.6,65.6,34.2,71.6,Yes,Yes,School,61.8,Average,Pass
STU1597,Student_597,Male,18,English,1st Year,68.2,4.4,75.1,89.5,87.5,91.6,Yes,No,Undergraduate,84.0,Excellent,Pass
STU1598,Student_598,Male,15,Computer Science,1st Year,92.7,3.3,77.0,68.1,30.1,68.4,Yes,Yes,Undergraduate,58.4,Average,Pass
STU1599,Student_599,Female,20,English,1st Year,69.1,4.5,41.5,63.3,75.2,85.4,Yes,Yes,Postgraduate,60.0,Average,Pass
STU1600,Student_600,Female,19,Commerce,3rd Year,87.6,2.7,88.6,90.5,67.2,65.5,No,Yes,Postgraduate,82.1,Excellent,Pass
STU1601,Student_601,Male,21,Commerce,3rd Year,91.2,2.5,58.7,88.9,89.7,98.4,No,Yes,School,79.1,Excellent,Pass
STU1602,Student_602,Female,16,Information Technology,2nd Year,80.7,2.4,62.5,75.3,69.4,87.2,No,No,Postgraduate,69.1,Good,Pass
STU1603,Student_603,Female,19,Information Technology,1st Year,79.0,4.1,67.1,70.2,98.8,78.1,No,Yes,Higher Secondary,78.7,Good,Pass
STU1604,Student_604,Female,18,Computer Science,3rd Year,72.2,2.5,44.1,66.7,66.7,33.0,No,Yes,School,59.2,Average,Pass
STU1605,Student_605,Male,19,English,1st Year,86.6,3.2,66.3,71.4,88.3,77.7,Yes,Yes,Higher Secondary,75.3,Good,Pass
STU1606,Student_606,Male,18,Commerce,2nd Year,51.5,2.7,65.2,59.8,38.0,52.5,No,Yes,School,54.3,Average,Pass
STU1607,Student_607,Male,18,Computer Science,2nd Year,89.2,4.2,69.3,78.8,33.2,76.3,No,No,Higher Secondary,60.4,Average,Pass
STU1608,Student_608,Female,18,Mathematics,2nd Year,83.2,0.9,49.5,95.1,69.5,90.2,Yes,Yes,Postgraduate,71.4,Good,Pass
STU1609,Student_609,Female,20,Computer Science,1st Year,79.8,3.9,88.9,79.9,47.6,81.3,No,Yes,Postgraduate,72.1,Good,Pass
STU1610,Student_610,Female,18,Physics,3rd Year,84.4,6.1,81.0,56.6,69.0,83.9,No,Yes,Undergraduate,68.9,Good,Pass
STU1611,Student_611,Male,18,Computer Science,3rd Year,68.3,5.4,62.0,78.4,63.4,65.4,No,Yes,Higher Secondary,67.9,Good,Pass
STU1612,Student_612,Female,16,Physics,2nd Year,57.9,2.6,66.3,74.7,71.7,48.1,No,Yes,Undergraduate,70.9,Good,Pass
STU1613,Student_613,Female,15,Physics,3rd Year,86.7,4.2,87.6,78.2,53.0,59.4,No,Yes,School,72.9,Good,Pass
STU1614,Student_614,Female,17,Physics,2nd Year,95.2,4.0,71.1,60.5,76.8,66.1,Yes,Yes,Higher Secondary,69.5,Good,Pass
STU1615,Student_615,Female,15,Mathematics,1st Year,64.6,5.7,56.4,72.0,83.8,70.8,Yes,Yes,Undergraduate,70.7,Good,Pass
STU1616,Student_616,Male,18,Computer Science,2nd Year,71.5,0.5,73.7,84.4,66.7,90.0,No,Yes,School,74.9,Good,Pass
STU1617,Student_617,Male,16,Computer Science,1st Year,89.5,5.2,58.7,57.0,77.7,82.0,Yes,Yes,Higher Secondary,64.5,Good,Pass
STU1618,Student_618,Female,19,Mathematics,2nd Year,85.6,3.1,64.4,65.7,54.3,100.0,Yes,No,Undergraduate,61.5,Average,Pass
STU1619,Student_619,Male,16,Commerce,3rd Year,100.0,2.4,74.2,68.0,63.9,56.0,No,Yes,Higher Secondary,68.7,Good,Pass
STU1620,Student_620,Male,18,Information Technology,3rd Year,92.8,2.3,90.8,86.0,48.5,88.5,No,No,Higher Secondary,75.1,Good,Pass
STU1621,Student_621,Female,16,Computer Science,2nd Year,90.4,1.6,100.0,88.1,100.0,84.1,Yes,Yes,Undergraduate,96.0,Excellent,Pass
STU1622,Student_622,Female,21,Information Technology,3rd Year,74.4,2.6,95.4,45.2,89.7,69.3,Yes,Yes,Postgraduate,76.8,Good,Pass
STU1623,Student_623,Male,16,English,3rd Year,87.2,1.9,73.9,86.0,96.6,56.6,No,Yes,Postgraduate,85.5,Excellent,Pass
STU1624,Student_624,Female,18,English,3rd Year,97.0,3.8,100.0,88.5,89.4,61.8,No,Yes,Undergraduate,92.6,Excellent,Pass
STU1625,Student_625,Male,20,Mathematics,1st Year,80.4,4.4,83.4,87.6,59.4,61.0,Yes,Yes,School,76.8,Good,Pass
STU1626,Student_626,Female,21,English,3rd Year,80.8,3.1,60.3,64.6,45.4,96.7,No,Yes,Undergraduate,56.8,Average,Pass
STU1627,Student_627,Male,16,English,1st Year,83.4,5.7,76.4,68.8,63.2,83.4,No,Yes,Undergraduate,69.5,Good,Pass
STU1628,Student_628,Female,17,Commerce,2nd Year,75.4,2.7,65.1,50.1,77.6,84.0,No,Yes,Higher Secondary,64.3,Good,Pass
STU1629,Student_629,Male,17,Commerce,3rd Year,84.7,3.0,56.3,42.7,65.4,72.3,Yes,Yes,Postgraduate,54.8,Average,Pass
STU1630,Student_630,Male,16,Commerce,3rd Year,84.4,2.8,57.4,66.9,34.2,67.6,No,Yes,Postgraduate,52.8,Average,Pass
STU1631,Student_631,Male,20,English,3rd Year,96.8,4.4,72.8,73.1,82.0,76.1,No,Yes,Postgraduate,76.0,Good,Pass
STU1632,Student_632,Female,19,Mathematics,2nd Year,80.1,4.5,86.3,74.5,44.4,72.5,No,Yes,Postgraduate,68.4,Good,Pass
STU1633,Student_633,Male,18,Physics,1st Year,88.7,4.2,91.0,83.5,63.2,69.6,Yes,Yes,Undergraduate,79.2,Excellent,Pass
STU1634,Student_634,Male,17,Physics,1st Year,80.4,3.3,56.3,100.0,97.9,76.5,No,Yes,Higher Secondary,84.7,Excellent,Pass
STU1635,Student_635,Female,19,Information Technology,3rd Year,88.4,1.5,70.5,66.5,70.8,55.0,No,Yes,Postgraduate,69.3,Good,Pass
STU1636,Student_636,Female,16,Physics,2nd Year,79.5,3.0,82.3,57.2,87.2,75.0,No,Yes,Postgraduate,75.6,Good,Pass
STU1637,Student_637,Male,19,Physics,2nd Year,87.7,5.7,77.3,79.6,75.5,69.3,Yes,Yes,Higher Secondary,77.5,Good,Pass
STU1638,Student_638,Male,21,Commerce,2nd Year,89.3,5.0,85.4,75.1,53.9,60.3,No,Yes,Undergraduate,71.5,Good,Pass
STU1639,Student_639,Female,15,Commerce,2nd Year,71.3,3.9,68.5,64.0,81.7,80.6,No,Yes,Undergraduate,71.4,Good,Pass
STU1640,Student_640,Female,17,English,2nd Year,93.0,2.9,94.1,84.8,69.0,97.9,No,Yes,Undergraduate,82.6,Excellent,Pass
STU1641,Student_641,Female,16,Information Technology,1st Year,80.3,3.5,74.9,60.6,46.2,90.2,Yes,Yes,Postgraduate,60.6,Average,Pass
STU1642,Student_642,Female,18,Computer Science,1st Year,77.3,2.9,86.4,70.2,43.5,66.8,Yes,Yes,Postgraduate,66.7,Good,Pass
STU1643,Student_643,Female,20,Information Technology,1st Year,74.9,5.3,69.3,71.0,76.1,81.0,Yes,Yes,Postgraduate,72.1,Good,Pass
STU1644,Student_644,Male,21,Information Technology,3rd Year,85.0,2.2,75.9,58.7,100.0,83.7,Yes,Yes,Undergraduate,78.2,Good,Pass
STU1645,Student_645,Female,16,Mathematics,2nd Year,82.0,4.9,51.1,48.1,52.8,72.8,No,Yes,Postgraduate,50.7,Average,Pass
STU1646,Student_646,Male,18,English,3rd Year,85.7,2.7,62.4,75.1,54.7,70.6,Yes,No,School,64.1,Good,Pass
STU1647,Student_647,Male,20,Mathematics,2nd Year,85.9,5.5,71.9,91.2,76.4,76.2,Yes,Yes,Higher Secondary,79.8,Excellent,Pass
STU1648,Student_648,Male,20,Information Technology,1st Year,88.1,4.1,76.5,85.5,49.0,100.0,Yes,Yes,School,70.3,Good,Pass
STU1649,Student_649,Female,16,Information Technology,3rd Year,100.0,2.4,100.0,86.4,100.0,74.9,No,No,School,95.5,Excellent,Pass
STU1650,Student_650,Male,21,Information Technology,1st Year,82.4,3.0,69.3,60.8,56.1,52.0,No,No,Postgraduate,62.1,Average,Pass
STU1651,Student_651,Male,19,Physics,2nd Year,74.7,4.6,54.4,75.0,62.0,55.3,No,Yes,Higher Secondary,63.8,Average,Pass
STU1652,Student_652,Female,19,Mathematics,2nd Year,61.8,2.8,100.0,52.1,57.1,68.4,No,Yes,School,69.7,Good,Pass
STU1653,Student_653,Male,20,Information Technology,2nd Year,70.0,3.5,91.2,74.4,85.0,52.3,Yes,Yes,Undergraduate,83.5,Excellent,Pass
STU1654,Student_654,Male,19,Commerce,1st Year,94.4,2.7,57.7,91.4,100.0,69.0,No,Yes,Undergraduate,83.0,Excellent,Pass
STU1655,Student_655,Female,15,English,2nd Year,89.2,6.1,82.0,91.9,58.7,100.0,Yes,No,Undergraduate,77.5,Good,Pass
STU1656,Student_656,Male,20,English,1st Year,68.5,6.4,87.5,100.0,83.9,63.3,Yes,Yes,Undergraduate,90.5,Excellent,Pass
STU1657,Student_657,Male,20,Commerce,3rd Year,100.0,5.7,77.5,85.8,49.1,54.7,No,Yes,Higher Secondary,70.8,Good,Pass
STU1658,Student_658,Male,18,English,2nd Year,85.3,3.3,79.9,78.7,85.3,67.9,No,Yes,Undergraduate,81.3,Excellent,Pass
STU1659,Student_659,Female,19,Physics,2nd Year,86.6,2.9,65.5,84.2,98.1,69.4,Yes,Yes,Higher Secondary,82.6,Excellent,Pass
STU1660,Student_660,Female,21,Physics,2nd Year,100.0,2.3,82.6,81.5,93.2,56.2,Yes,Yes,Higher Secondary,85.8,Excellent,Pass
STU1661,Student_661,Female,20,Computer Science,3rd Year,99.4,5.8,67.6,60.7,72.1,52.4,No,Yes,Higher Secondary,66.8,Good,Pass
STU1662,Student_662,Male,21,Computer Science,2nd Year,89.8,4.9,35.3,50.8,53.5,91.3,No,Yes,Higher Secondary,46.5,Low,Fail
STU1663,Student_663,Male,15,Computer Science,1st Year,90.3,5.0,77.9,84.4,70.0,78.5,Yes,No,Postgraduate,77.4,Good,Pass
STU1664,Student_664,Female,18,English,1st Year,91.2,3.1,49.9,100.0,65.0,63.8,No,Yes,School,71.6,Good,Pass
STU1665,Student_665,Male,16,Physics,2nd Year,79.6,0.9,90.2,84.9,62.9,53.7,No,Yes,Postgraduate,79.3,Excellent,Pass
STU1666,Student_666,Male,21,Physics,2nd Year,84.9,1.2,58.0,45.6,73.3,63.2,Yes,Yes,School,59.0,Average,Pass
STU1667,Student_667,Female,20,Physics,3rd Year,87.7,3.6,38.2,64.7,68.9,52.6,Yes,No,Postgraduate,57.3,Average,Pass
STU1668,Student_668,Female,15,Commerce,3rd Year,80.7,2.7,48.5,69.2,81.3,62.3,Yes,Yes,Undergraduate,66.3,Good,Pass
STU1669,Student_669,Male,17,Physics,3rd Year,72.3,2.5,74.4,46.0,81.4,100.0,No,Yes,Higher Secondary,67.3,Good,Pass
STU1670,Student_670,Male,15,Commerce,2nd Year,79.3,4.0,77.8,52.7,69.0,74.6,Yes,Yes,Undergraduate,66.5,Good,Pass
STU1671,Student_671,Male,15,Computer Science,3rd Year,72.1,5.0,53.8,71.5,76.9,61.7,No,Yes,Undergraduate,67.4,Good,Pass
STU1672,Student_672,Female,18,Computer Science,3rd Year,82.6,2.4,58.9,75.7,91.1,81.2,No,Yes,Undergraduate,75.2,Good,Pass
STU1673,Student_673,Female,16,English,1st Year,64.2,1.5,74.9,58.2,61.5,57.0,Yes,No,Postgraduate,64.9,Good,Pass
STU1674,Student_674,Female,17,Computer Science,3rd Year,85.4,2.5,89.6,52.1,70.3,64.9,Yes,Yes,Undergraduate,70.7,Good,Pass
STU1675,Student_675,Female,19,English,1st Year,65.7,1.9,56.8,88.7,53.5,43.2,No,Yes,Higher Secondary,66.3,Good,Pass
STU1676,Student_676,Male,19,Information Technology,1st Year,78.0,4.4,80.7,66.6,77.7,90.1,Yes,Yes,Higher Secondary,75.0,Good,Pass
STU1677,Student_677,Female,21,Information Technology,3rd Year,87.0,3.5,48.9,68.6,73.2,68.0,No,No,School,63.6,Average,Pass
STU1678,Student_678,Female,15,Mathematics,1st Year,89.9,6.3,79.7,64.3,77.4,58.7,No,Yes,Postgraduate,73.8,Good,Pass
STU1679,Student_679,Female,18,English,2nd Year,88.7,4.6,86.3,61.2,54.2,80.7,Yes,Yes,Higher Secondary,67.2,Good,Pass
STU1680,Student_680,Female,18,Mathematics,2nd Year,85.2,6.2,82.9,90.2,82.2,55.3,No,Yes,Higher Secondary,85.1,Excellent,Pass
STU1681,Student_681,Female,19,Mathematics,3rd Year,70.8,1.4,89.9,59.7,71.6,56.2,Yes,Yes,Postgraduate,73.7,Good,Pass
STU1682,Student_682,Male,21,Information Technology,2nd Year,91.8,0.5,88.9,74.5,86.5,65.3,No,Yes,Undergraduate,83.3,Excellent,Pass
STU1683,Student_683,Male,21,English,1st Year,71.0,3.9,100.0,72.1,63.0,53.0,Yes,Yes,Higher Secondary,78.4,Good,Pass
STU1684,Student_684,Female,21,Information Technology,2nd Year,92.9,3.7,76.6,44.7,80.9,61.2,No,Yes,Undergraduate,67.4,Good,Pass
STU1685,Student_685,Male,17,Mathematics,3rd Year,88.3,3.3,100.0,75.4,77.1,68.0,No,Yes,Higher Secondary,84.2,Excellent,Pass
STU1686,Student_686,Female,16,English,3rd Year,95.6,3.6,60.8,50.4,94.4,69.4,No,Yes,School,68.5,Good,Pass
STU1687,Student_687,Female,17,Mathematics,1st Year,82.2,1.8,71.9,80.9,68.1,51.1,No,Yes,Undergraduate,73.6,Good,Pass
STU1688,Student_688,Male,20,Physics,3rd Year,73.8,4.3,73.3,55.4,61.1,67.3,Yes,No,Higher Secondary,63.3,Average,Pass
STU1689,Student_689,Male,20,English,2nd Year,69.1,4.6,59.4,79.3,62.1,79.7,No,No,Postgraduate,66.9,Good,Pass
STU1690,Student_690,Female,16,English,3rd Year,70.2,1.7,39.6,66.0,52.3,82.2,No,Yes,Postgraduate,52.6,Average,Pass
STU1691,Student_691,Female,19,Mathematics,1st Year,65.6,3.0,88.0,62.6,62.0,63.5,No,No,Postgraduate,70.9,Good,Pass
STU1692,Student_692,Female,16,Physics,3rd Year,91.4,3.1,61.1,74.9,32.6,68.2,No,Yes,Higher Secondary,56.2,Average,Pass
STU1693,Student_693,Male,18,Commerce,2nd Year,92.7,2.5,69.0,51.4,91.9,67.3,Yes,Yes,Undergraduate,70.8,Good,Pass
STU1694,Student_694,Female,20,Information Technology,1st Year,87.5,1.8,98.8,71.0,100.0,50.1,No,Yes,School,89.9,Excellent,Pass
STU1695,Student_695,Female,15,Mathematics,2nd Year,81.7,3.5,83.6,83.0,67.6,62.9,Yes,Yes,School,78.1,Good,Pass
STU1696,Student_696,Female,15,English,1st Year,100.0,3.9,100.0,86.6,77.0,82.9,No,Yes,Higher Secondary,87.9,Excellent,Pass
STU1697,Student_697,Male,19,Information Technology,3rd Year,81.0,2.6,76.8,65.5,72.6,83.2,No,Yes,Higher Secondary,71.6,Good,Pass
STU1698,Student_698,Female,18,Information Technology,1st Year,84.2,1.9,83.3,67.6,49.0,77.2,Yes,Yes,Higher Secondary,66.6,Good,Pass
STU1699,Student_699,Female,17,Information Technology,1st Year,81.5,4.1,71.4,51.1,86.4,31.1,No,Yes,Undergraduate,69.6,Good,Pass
STU1700,Student_700,Male,18,Commerce,3rd Year,78.6,2.3,62.3,61.5,88.8,59.3,Yes,Yes,Postgraduate,70.9,Good,Pass
STU1701,Student_701,Female,15,Computer Science,2nd Year,88.3,3.0,83.3,50.2,53.3,78.0,No,Yes,Undergraduate,62.3,Average,Pass
STU1702,Student_702,Female,15,Mathematics,3rd Year,75.7,2.8,68.5,78.2,75.3,96.7,No,Yes,Undergraduate,74.0,Good,Pass
STU1703,Student_703,Male,20,Computer Science,1st Year,75.0,5.4,84.7,83.8,65.8,70.8,Yes,Yes,Higher Secondary,78.1,Good,Pass
STU1704,Student_704,Female,18,Computer Science,3rd Year,88.8,2.4,66.4,65.6,89.0,72.4,No,Yes,School,73.7,Good,Pass
STU1705,Student_705,Male,18,Computer Science,1st Year,77.0,6.1,72.4,57.2,68.7,69.3,Yes,Yes,Undergraduate,66.1,Good,Pass
STU1706,Student_706,Male,15,Information Technology,3rd Year,83.3,4.6,73.6,76.3,69.1,51.4,No,Yes,School,73.0,Good,Pass
STU1707,Student_707,Female,17,Physics,3rd Year,78.6,6.2,91.2,59.8,99.1,76.3,No,Yes,Higher Secondary,83.4,Excellent,Pass
STU1708,Student_708,Female,19,Information Technology,2nd Year,81.9,4.5,68.6,81.4,49.4,48.2,No,Yes,Undergraduate,66.5,Good,Pass
STU1709,Student_709,Female,21,Information Technology,1st Year,75.3,3.2,92.8,99.1,74.0,69.7,No,Yes,Postgraduate,88.6,Excellent,Pass
STU1710,Student_710,Female,19,English,2nd Year,75.6,2.1,61.4,59.6,71.4,72.3,Yes,No,Postgraduate,64.1,Good,Pass
STU1711,Student_711,Male,18,English,1st Year,73.8,3.0,79.0,61.6,60.3,71.7,Yes,Yes,Undergraduate,67.0,Good,Pass
STU1712,Student_712,Female,19,Computer Science,3rd Year,90.4,5.7,64.7,51.6,100.0,51.5,No,Yes,Postgraduate,72.1,Good,Pass
STU1713,Student_713,Male,15,Information Technology,1st Year,83.7,3.4,91.7,74.0,75.4,60.4,Yes,Yes,Undergraduate,80.4,Excellent,Pass
STU1714,Student_714,Female,15,Computer Science,2nd Year,91.2,4.5,62.7,73.1,80.7,81.3,No,Yes,Postgraduate,72.2,Good,Pass
STU1715,Student_715,Female,18,English,2nd Year,92.3,3.8,64.2,68.2,83.0,72.1,No,No,Higher Secondary,71.8,Good,Pass
STU1716,Student_716,Female,18,Physics,2nd Year,77.4,3.9,56.2,72.2,64.9,60.5,No,Yes,Postgraduate,64.4,Good,Pass
STU1717,Student_717,Male,21,Mathematics,1st Year,90.8,3.9,76.5,57.4,89.9,54.9,Yes,Yes,Postgraduate,74.6,Good,Pass
STU1718,Student_718,Female,21,Computer Science,2nd Year,81.9,4.2,83.9,48.7,86.6,83.0,Yes,Yes,Higher Secondary,73.1,Good,Pass
STU1719,Student_719,Female,20,Physics,2nd Year,80.4,2.3,82.2,61.4,68.0,71.5,Yes,Yes,Higher Secondary,70.5,Good,Pass
STU1720,Student_720,Female,18,Mathematics,2nd Year,94.5,3.1,72.8,45.2,85.0,54.0,Yes,Yes,Postgraduate,67.7,Good,Pass
STU1721,Student_721,Female,17,Commerce,3rd Year,87.5,4.0,65.1,59.6,89.8,68.2,Yes,Yes,School,71.5,Good,Pass
STU1722,Student_722,Male,19,Computer Science,3rd Year,78.5,3.7,70.8,76.3,82.7,58.9,No,Yes,School,76.6,Good,Pass
STU1723,Student_723,Female,18,Computer Science,1st Year,86.9,2.8,71.4,72.8,56.6,75.5,Yes,Yes,Undergraduate,66.9,Good,Pass
STU1724,Student_724,Male,16,Commerce,1st Year,69.3,4.1,78.8,47.2,68.5,89.8,No,Yes,Postgraduate,64.8,Good,Pass
STU1725,Student_725,Male,20,Commerce,2nd Year,84.5,2.3,77.8,86.7,77.6,54.8,No,Yes,Undergraduate,80.7,Excellent,Pass
STU1726,Student_726,Male,16,Computer Science,3rd Year,67.0,1.7,100.0,69.3,74.0,73.4,No,Yes,Higher Secondary,81.1,Excellent,Pass
STU1727,Student_727,Male,15,Commerce,2nd Year,72.2,3.9,75.6,53.8,58.1,73.1,Yes,Yes,Postgraduate,62.5,Average,Pass
STU1728,Student_728,Male,21,Information Technology,2nd Year,87.8,1.7,80.4,66.9,65.4,38.8,No,Yes,Higher Secondary,70.9,Good,Pass
STU1729,Student_729,Male,19,Mathematics,3rd Year,55.3,3.9,76.1,63.8,67.6,83.5,Yes,Yes,Postgraduate,69.2,Good,Pass
STU1730,Student_730,Female,18,Mathematics,3rd Year,100.0,0.6,70.1,59.9,45.9,100.0,Yes,Yes,Postgraduate,58.6,Average,Pass
STU1731,Student_731,Male,16,Mathematics,3rd Year,90.3,2.4,80.3,83.4,70.3,73.1,No,Yes,Higher Secondary,78.0,Good,Pass
STU1732,Student_732,Male,19,Information Technology,1st Year,63.6,3.0,68.7,56.5,81.1,91.4,No,Yes,Postgraduate,68.8,Good,Pass
STU1733,Student_733,Male,15,Commerce,1st Year,100.0,1.1,74.1,74.6,74.5,52.2,Yes,Yes,Postgraduate,74.4,Good,Pass
STU1734,Student_734,Female,21,Physics,2nd Year,100.0,2.9,92.4,53.2,56.3,60.2,Yes,Yes,Undergraduate,67.3,Good,Pass
STU1735,Student_735,Female,17,Commerce,1st Year,80.2,5.3,67.7,71.5,59.1,72.1,Yes,Yes,Higher Secondary,66.1,Good,Pass
STU1736,Student_736,Male,20,Computer Science,3rd Year,72.7,1.6,80.8,75.7,93.8,58.2,No,Yes,School,83.4,Excellent,Pass
STU1737,Student_737,Female,19,English,3rd Year,98.9,3.0,37.8,75.7,55.0,71.6,No,Yes,School,56.2,Average,Pass
STU1738,Student_738,Male,19,Mathematics,1st Year,78.6,6.1,72.2,73.1,89.0,86.1,Yes,Yes,Postgraduate,78.1,Good,Pass
STU1739,Student_739,Male,17,Commerce,2nd Year,83.6,1.9,67.6,68.7,60.1,57.8,Yes,Yes,Undergraduate,65.5,Good,Pass
STU1740,Student_740,Female,19,Physics,2nd Year,94.2,5.6,76.8,57.1,88.1,86.7,No,Yes,Postgraduate,74.0,Good,Pass
STU1741,Student_741,Male,15,Computer Science,1st Year,80.5,3.1,71.5,57.3,78.7,42.2,Yes,Yes,Undergraduate,69.2,Good,Pass
STU1742,Student_742,Female,15,Information Technology,2nd Year,79.6,3.7,77.1,76.2,64.4,62.5,No,Yes,Postgraduate,72.6,Good,Pass
STU1743,Student_743,Female,17,Information Technology,2nd Year,69.3,5.4,69.3,54.3,41.7,68.0,Yes,Yes,School,55.1,Average,Pass
STU1744,Student_744,Male,20,Physics,2nd Year,75.7,2.8,80.8,51.1,76.4,57.1,No,Yes,Higher Secondary,69.4,Good,Pass
STU1745,Student_745,Male,18,Computer Science,3rd Year,79.4,4.4,49.3,92.0,72.9,62.7,No,Yes,Undergraduate,71.4,Good,Pass
STU1746,Student_746,Female,16,Mathematics,3rd Year,69.6,4.8,76.7,68.4,76.6,91.9,No,Yes,Postgraduate,73.9,Good,Pass
STU1747,Student_747,Male,18,Commerce,1st Year,70.5,2.5,60.9,80.9,78.6,89.6,Yes,Yes,Postgraduate,73.5,Good,Pass
STU1748,Student_748,Male,19,Computer Science,3rd Year,82.3,2.4,92.5,84.2,49.0,81.8,Yes,No,Undergraduate,75.2,Good,Pass
STU1749,Student_749,Male,16,Information Technology,2nd Year,63.5,3.2,60.7,72.7,76.3,86.6,Yes,No,Undergraduate,69.9,Good,Pass
STU1750,Student_750,Female,17,Physics,3rd Year,73.2,3.2,89.9,66.7,81.9,61.7,No,Yes,School,79.5,Excellent,Pass
STU1751,Student_751,Female,17,Physics,1st Year,100.0,1.9,74.8,67.0,81.7,52.7,No,No,Undergraduate,74.5,Good,Pass
STU1752,Student_752,Male,20,Commerce,3rd Year,78.5,2.5,47.6,94.5,50.0,58.9,No,Yes,Postgraduate,64.0,Average,Pass
STU1753,Student_753,Female,16,Physics,2nd Year,77.3,0.5,61.9,64.2,88.5,61.1,Yes,Yes,School,71.5,Good,Pass
STU1754,Student_754,Female,15,Physics,2nd Year,78.5,3.0,87.7,74.5,76.9,61.9,No,Yes,School,79.7,Excellent,Pass
STU1755,Student_755,Female,16,Computer Science,1st Year,78.7,4.8,86.9,81.5,78.9,78.9,Yes,Yes,Higher Secondary,82.4,Excellent,Pass
STU1756,Student_756,Female,19,Mathematics,3rd Year,87.7,1.0,55.5,75.5,55.7,75.8,Yes,Yes,Higher Secondary,62.2,Average,Pass
STU1757,Student_757,Female,15,Commerce,3rd Year,87.0,2.8,98.4,87.2,82.1,68.4,No,Yes,Higher Secondary,89.2,Excellent,Pass
STU1758,Student_758,Male,21,Computer Science,3rd Year,78.1,7.2,74.6,66.6,42.4,69.3,Yes,Yes,Undergraduate,61.2,Average,Pass
STU1759,Student_759,Male,21,Mathematics,2nd Year,79.9,3.5,88.3,81.4,56.4,87.4,Yes,Yes,School,75.4,Good,Pass
STU1760,Student_760,Male,21,Computer Science,1st Year,95.1,5.5,56.8,46.9,90.3,51.6,Yes,Yes,Undergraduate,64.7,Good,Pass
STU1761,Student_761,Female,17,English,3rd Year,66.9,2.0,68.2,90.9,81.3,82.8,No,No,School,80.1,Excellent,Pass
STU1762,Student_762,Female,16,Computer Science,2nd Year,81.4,4.2,81.2,87.7,74.7,39.3,No,No,Postgraduate,81.2,Excellent,Pass
STU1763,Student_763,Male,21,Physics,2nd Year,83.4,1.7,70.3,67.7,85.1,62.5,Yes,No,Undergraduate,74.4,Good,Pass
STU1764,Student_764,Female,18,Mathematics,2nd Year,74.2,4.1,31.2,78.1,86.2,93.7,No,No,School,65.2,Good,Pass
STU1765,Student_765,Male,20,Commerce,3rd Year,80.8,4.8,72.1,84.5,82.1,75.5,No,Yes,Higher Secondary,79.6,Excellent,Pass
STU1766,Student_766,Male,18,Commerce,3rd Year,72.9,4.4,45.5,57.5,66.5,64.0,No,Yes,Higher Secondary,56.5,Average,Pass
STU1767,Student_767,Male,21,Mathematics,3rd Year,88.4,3.0,58.9,70.0,56.0,84.7,No,Yes,Postgraduate,61.6,Average,Pass
STU1768,Student_768,Female,20,Physics,3rd Year,68.6,3.9,54.0,53.7,59.4,79.9,Yes,No,Undergraduate,55.7,Average,Pass
STU1769,Student_769,Female,19,Information Technology,3rd Year,92.6,3.9,92.0,87.9,92.6,79.3,Yes,Yes,School,90.8,Excellent,Pass
STU1770,Student_770,Male,18,Computer Science,3rd Year,81.3,4.5,96.7,83.5,49.6,68.0,No,Yes,Higher Secondary,76.6,Good,Pass
STU1771,Student_771,Male,16,Physics,3rd Year,77.5,3.3,80.1,68.1,77.9,85.4,No,Yes,School,75.4,Good,Pass
STU1772,Student_772,Male,16,English,3rd Year,72.0,4.9,71.5,66.4,77.9,61.3,No,Yes,Undergraduate,71.9,Good,Pass
STU1773,Student_773,Male,18,Mathematics,3rd Year,92.3,5.7,75.4,69.9,93.5,60.6,Yes,Yes,Higher Secondary,79.6,Excellent,Pass
STU1774,Student_774,Female,21,Computer Science,2nd Year,75.5,3.0,92.0,59.4,77.8,99.1,Yes,Yes,Postgraduate,76.4,Good,Pass
STU1775,Student_775,Female,16,Commerce,3rd Year,70.3,3.6,45.2,69.6,63.2,63.5,Yes,Yes,Postgraduate,59.3,Average,Pass
STU1776,Student_776,Male,19,Information Technology,1st Year,92.5,2.1,58.9,57.5,63.5,40.5,Yes,Yes,Undergraduate,60.0,Average,Pass
STU1777,Student_777,Male,15,English,2nd Year,73.0,4.0,90.1,84.6,69.9,86.9,No,Yes,Undergraduate,81.5,Excellent,Pass
STU1778,Student_778,Female,21,Commerce,3rd Year,81.1,4.0,93.2,87.9,88.1,91.4,No,Yes,School,89.7,Excellent,Pass
STU1779,Student_779,Female,19,Mathematics,1st Year,90.2,3.6,83.8,85.2,82.9,67.5,No,Yes,Postgraduate,84.0,Excellent,Pass
STU1780,Student_780,Male,20,Computer Science,3rd Year,83.6,3.7,59.3,55.3,52.6,39.6,No,No,Undergraduate,55.7,Average,Pass
STU1781,Student_781,Male,19,Mathematics,1st Year,99.3,6.4,89.8,69.1,74.5,70.2,No,Yes,Undergraduate,77.8,Good,Pass
STU1782,Student_782,Male,21,Computer Science,1st Year,73.7,0.5,95.4,80.2,83.2,100.0,Yes,Yes,Postgraduate,86.3,Excellent,Pass
STU1783,Student_783,Female,20,Physics,1st Year,79.9,2.8,85.8,82.8,66.2,74.0,No,Yes,School,78.3,Good,Pass
STU1784,Student_784,Female,21,Information Technology,1st Year,80.7,3.0,37.6,46.3,35.4,82.5,No,Yes,School,39.8,Low,Fail
STU1785,Student_785,Female,16,Physics,2nd Year,88.2,5.7,76.9,82.4,66.9,83.4,Yes,Yes,Postgraduate,75.4,Good,Pass
STU1786,Student_786,Male,15,Physics,2nd Year,94.9,4.2,83.8,54.6,46.2,85.6,No,Yes,Postgraduate,61.5,Average,Pass
STU1787,Student_787,Male,21,Mathematics,1st Year,82.7,4.2,67.3,69.8,43.7,98.9,No,Yes,Postgraduate,60.3,Average,Pass
STU1788,Student_788,Female,21,Information Technology,3rd Year,80.6,5.4,77.8,89.6,87.0,87.2,Yes,Yes,Postgraduate,84.8,Excellent,Pass
STU1789,Student_789,Female,16,Computer Science,1st Year,67.2,3.2,67.3,87.7,100.0,69.8,Yes,Yes,Postgraduate,85.0,Excellent,Pass
STU1790,Student_790,Male,17,Computer Science,2nd Year,83.1,4.5,62.1,90.6,91.8,54.3,Yes,Yes,Undergraduate,81.5,Excellent,Pass
STU1791,Student_791,Female,16,English,3rd Year,75.5,2.7,97.7,57.1,28.2,77.4,Yes,Yes,Higher Secondary,61.0,Average,Pass
STU1792,Student_792,Female,20,Commerce,2nd Year,88.2,1.9,78.2,60.5,67.2,68.1,Yes,Yes,Postgraduate,68.6,Good,Pass
STU1793,Student_793,Male,16,English,2nd Year,77.9,6.2,58.4,64.1,60.6,81.8,No,Yes,Higher Secondary,61.0,Average,Pass
STU1794,Student_794,Female,16,English,3rd Year,79.6,4.1,54.4,69.9,46.5,58.1,No,Yes,School,56.9,Average,Pass
STU1795,Student_795,Male,15,Computer Science,1st Year,67.4,4.5,62.1,75.0,77.4,66.5,No,Yes,Undergraduate,71.5,Good,Pass
STU1796,Student_796,Male,16,Mathematics,1st Year,63.9,1.9,62.2,89.9,67.0,71.2,No,Yes,Higher Secondary,73.0,Good,Pass
STU1797,Student_797,Male,21,Physics,1st Year,100.0,4.3,77.2,59.0,51.4,56.9,No,Yes,School,62.5,Average,Pass
STU1798,Student_798,Male,15,Physics,1st Year,83.3,6.2,82.3,63.2,37.1,71.6,No,Yes,School,60.9,Average,Pass
STU1799,Student_799,Male,18,Physics,3rd Year,86.0,3.1,82.3,91.9,60.3,82.8,No,Yes,School,78.2,Good,Pass
STU1800,Student_800,Male,17,Information Technology,3rd Year,72.9,1.6,63.7,55.8,70.1,99.7,No,Yes,Postgraduate,63.2,Average,Pass
STU1801,Student_801,Male,15,Computer Science,3rd Year,90.8,3.8,88.8,82.2,68.1,60.0,Yes,Yes,Undergraduate,79.7,Excellent,Pass
STU1802,Student_802,Female,20,Mathematics,2nd Year,89.0,1.9,93.4,70.8,87.0,84.6,Yes,Yes,School,83.7,Excellent,Pass
STU1803,Student_803,Male,18,Information Technology,3rd Year,74.0,1.2,71.1,77.4,75.4,41.3,No,No,Postgraduate,74.6,Good,Pass
STU1804,Student_804,Male,15,Commerce,1st Year,71.4,2.4,59.5,60.6,64.5,70.9,No,Yes,Higher Secondary,61.5,Average,Pass
STU1805,Student_805,Female,15,Mathematics,2nd Year,74.7,2.8,76.5,81.9,56.9,72.1,No,Yes,Undergraduate,71.8,Good,Pass
STU1806,Student_806,Female,17,English,1st Year,81.7,2.0,100.0,62.8,41.7,83.2,No,Yes,Higher Secondary,68.2,Good,Pass
STU1807,Student_807,Female,21,Mathematics,1st Year,83.7,5.5,59.1,52.1,52.5,63.2,No,Yes,Higher Secondary,54.6,Average,Pass
STU1808,Student_808,Male,20,Mathematics,3rd Year,82.4,6.3,67.1,78.7,91.7,74.7,Yes,Yes,Postgraduate,79.2,Excellent,Pass
STU1809,Student_809,Female,19,Physics,3rd Year,95.0,4.4,75.9,37.0,83.8,87.6,No,Yes,Higher Secondary,65.6,Good,Pass
STU1810,Student_810,Male,19,Mathematics,1st Year,74.9,4.1,83.1,64.0,74.6,54.1,No,Yes,Undergraduate,73.9,Good,Pass
STU1811,Student_811,Male,15,English,1st Year,71.1,3.3,45.2,76.1,62.1,41.6,Yes,Yes,Higher Secondary,61.1,Average,Pass
STU1812,Student_812,Male,16,English,2nd Year,82.0,2.2,94.6,82.6,89.9,87.2,Yes,Yes,Postgraduate,89.0,Excellent,Pass
STU1813,Student_813,Male,20,Computer Science,3rd Year,65.1,5.9,94.4,89.2,53.8,56.0,Yes,Yes,School,79.1,Excellent,Pass
STU1814,Student_814,Female,18,Mathematics,2nd Year,89.0,3.4,68.6,96.9,54.0,77.9,No,Yes,Postgraduate,73.2,Good,Pass
STU1815,Student_815,Female,16,Physics,2nd Year,83.0,2.8,100.0,92.6,68.5,100.0,Yes,Yes,School,87.0,Excellent,Pass
STU1816,Student_816,Male,16,Mathematics,2nd Year,78.6,5.0,93.4,74.7,35.1,83.5,No,Yes,Higher Secondary,67.7,Good,Pass
STU1817,Student_817,Male,20,Commerce,1st Year,78.1,3.4,92.6,87.8,53.4,56.4,Yes,Yes,School,77.9,Good,Pass
STU1818,Student_818,Male,21,Commerce,2nd Year,91.1,5.0,92.8,74.5,66.2,49.1,No,Yes,Postgraduate,77.8,Good,Pass
STU1819,Student_819,Female,15,Physics,2nd Year,90.8,2.9,92.4,81.6,62.6,59.3,No,Yes,Postgraduate,78.9,Good,Pass
STU1820,Student_820,Male,15,Computer Science,1st Year,79.5,5.0,74.7,63.6,54.2,73.6,Yes,Yes,Undergraduate,64.2,Good,Pass
STU1821,Student_821,Male,15,Computer Science,3rd Year,87.9,5.0,73.2,78.5,100.0,67.3,Yes,Yes,Undergraduate,83.9,Excellent,Pass
STU1822,Student_822,Female,15,English,3rd Year,90.6,5.5,60.8,65.4,91.8,91.4,No,Yes,School,72.7,Good,Pass
STU1823,Student_823,Female,19,English,2nd Year,85.4,2.4,66.3,69.6,97.4,81.0,No,Yes,School,77.8,Good,Pass
STU1824,Student_824,Male,15,Information Technology,1st Year,79.9,3.4,70.3,78.5,68.4,60.0,Yes,Yes,Undergraduate,72.4,Good,Pass
STU1825,Student_825,Female,19,Physics,3rd Year,85.8,6.4,76.0,100.0,62.2,83.7,No,Yes,Higher Secondary,79.4,Excellent,Pass
STU1826,Student_826,Female,19,Mathematics,2nd Year,71.6,3.1,99.0,77.5,95.6,93.6,No,Yes,Undergraduate,90.7,Excellent,Pass
STU1827,Student_827,Male,21,Physics,2nd Year,82.7,4.7,43.5,71.8,71.4,66.3,Yes,Yes,Higher Secondary,62.2,Average,Pass
STU1828,Student_828,Female,15,Information Technology,1st Year,79.7,6.9,95.2,60.4,53.0,78.2,Yes,Yes,School,69.5,Good,Pass
STU1829,Student_829,Male,17,English,2nd Year,78.1,0.7,59.8,84.5,54.1,57.9,No,No,School,66.1,Good,Pass
STU1830,Student_830,Female,18,Physics,3rd Year,64.7,3.1,73.4,67.3,64.8,68.9,No,Yes,Postgraduate,68.5,Good,Pass
STU1831,Student_831,Male,16,Physics,1st Year,71.7,3.5,64.1,77.2,69.6,57.6,Yes,Yes,Postgraduate,70.3,Good,Pass
STU1832,Student_832,Male,19,English,3rd Year,77.1,0.8,100.0,81.8,71.3,89.6,No,Yes,Higher Secondary,84.4,Excellent,Pass
STU1833,Student_833,Male,20,Information Technology,3rd Year,91.0,2.8,67.5,89.7,67.1,63.5,No,No,Higher Secondary,74.8,Good,Pass
STU1834,Student_834,Female,20,English,3rd Year,84.9,2.0,82.8,83.8,100.0,77.6,Yes,No,Undergraduate,88.9,Excellent,Pass
STU1835,Student_835,Male,18,Computer Science,2nd Year,91.4,4.8,83.6,54.9,48.4,80.5,No,Yes,Higher Secondary,62.3,Average,Pass
STU1836,Student_836,Female,20,Mathematics,2nd Year,94.4,0.9,57.6,48.0,80.8,100.0,Yes,Yes,School,62.1,Average,Pass
STU1837,Student_837,Male,17,English,3rd Year,85.3,6.3,73.5,81.8,62.4,67.0,No,Yes,School,72.6,Good,Pass
STU1838,Student_838,Male,20,Information Technology,3rd Year,83.4,4.5,93.1,73.2,69.4,59.3,No,Yes,School,78.6,Good,Pass
STU1839,Student_839,Female,16,Commerce,1st Year,72.3,1.9,61.9,77.5,85.0,69.9,No,Yes,Postgraduate,74.8,Good,Pass
STU1840,Student_840,Male,16,Computer Science,1st Year,100.0,5.0,87.4,96.1,41.5,58.2,No,Yes,Higher Secondary,75.0,Good,Pass
STU1841,Student_841,Male,19,Commerce,2nd Year,67.8,4.4,70.0,63.4,54.9,63.7,Yes,Yes,Higher Secondary,62.8,Average,Pass
STU1842,Student_842,Female,15,English,2nd Year,83.2,3.4,92.5,90.1,67.9,81.9,No,Yes,Postgraduate,83.5,Excellent,Pass
STU1843,Student_843,Male,21,Computer Science,1st Year,90.3,2.4,100.0,63.5,93.6,60.9,No,Yes,Postgraduate,85.7,Excellent,Pass
STU1844,Student_844,Male,17,Mathematics,3rd Year,90.5,4.3,44.9,93.9,93.5,79.4,Yes,Yes,Postgraduate,77.4,Good,Pass
STU1845,Student_845,Male,19,English,2nd Year,70.4,3.7,54.9,82.5,90.4,79.9,No,Yes,School,75.9,Good,Pass
STU1846,Student_846,Male,17,Mathematics,3rd Year,77.8,2.5,68.4,50.9,34.9,74.7,Yes,Yes,Higher Secondary,51.4,Average,Pass
STU1847,Student_847,Female,15,Physics,1st Year,74.0,1.5,97.0,66.2,53.2,81.0,No,Yes,Undergraduate,72.1,Good,Pass
STU1848,Student_848,Female,20,Commerce,2nd Year,62.2,2.2,83.0,98.8,53.9,66.6,Yes,Yes,Undergraduate,78.6,Good,Pass
STU1849,Student_849,Male,20,Computer Science,2nd Year,83.3,2.7,56.3,97.1,69.1,41.0,No,Yes,Higher Secondary,74.2,Good,Pass
STU1850,Student_850,Female,21,Mathematics,1st Year,74.8,5.2,85.2,80.5,40.4,71.9,Yes,Yes,Higher Secondary,68.7,Good,Pass
STU1851,Student_851,Male,15,Information Technology,2nd Year,97.1,4.8,61.3,77.0,87.6,72.2,Yes,Yes,Postgraduate,75.3,Good,Pass
STU1852,Student_852,Female,19,Mathematics,1st Year,88.2,2.8,88.1,75.4,38.1,65.4,Yes,No,Postgraduate,67.2,Good,Pass
STU1853,Student_853,Male,21,Information Technology,2nd Year,82.4,2.9,83.1,78.1,86.5,80.7,No,No,School,82.6,Excellent,Pass
STU1854,Student_854,Male,15,English,1st Year,77.3,5.0,61.2,70.0,83.9,82.5,No,Yes,Postgraduate,71.7,Good,Pass
STU1855,Student_855,Male,18,Computer Science,2nd Year,83.2,3.9,74.0,89.0,52.5,74.3,No,Yes,Higher Secondary,71.8,Good,Pass
STU1856,Student_856,Male,16,Mathematics,3rd Year,79.4,3.9,93.4,80.1,90.2,72.5,No,Yes,School,87.9,Excellent,Pass
STU1857,Student_857,Male,21,Mathematics,3rd Year,82.7,2.4,46.6,58.5,64.7,89.3,No,Yes,Undergraduate,56.6,Average,Pass
STU1858,Student_858,Male,21,Computer Science,3rd Year,100.0,3.3,79.5,81.2,60.5,54.9,No,Yes,Higher Secondary,73.7,Good,Pass
STU1859,Student_859,Female,19,Mathematics,2nd Year,71.4,3.5,58.4,74.3,63.3,66.0,No,Yes,Undergraduate,65.3,Good,Pass
STU1860,Student_860,Male,17,Information Technology,2nd Year,80.3,3.4,74.8,67.6,64.6,86.0,Yes,Yes,Higher Secondary,69.0,Good,Pass
STU1861,Student_861,Female,18,Mathematics,3rd Year,89.1,4.6,81.9,98.6,66.1,79.0,No,No,Higher Secondary,82.2,Excellent,Pass
STU1862,Student_862,Male,19,Commerce,3rd Year,78.0,4.6,100.0,73.5,66.5,67.5,No,No,School,80.0,Excellent,Pass
STU1863,Student_863,Female,15,English,1st Year,97.8,2.1,74.6,44.6,55.8,76.9,Yes,No,School,58.3,Average,Pass
STU1864,Student_864,Female,15,Physics,1st Year,88.8,2.7,97.0,68.6,59.5,62.8,No,Yes,Postgraduate,75.0,Good,Pass
STU1865,Student_865,Female,15,Information Technology,1st Year,74.8,2.5,62.4,85.9,60.9,73.4,No,No,Higher Secondary,69.7,Good,Pass
STU1866,Student_866,Male,15,Commerce,3rd Year,84.0,5.6,67.6,59.0,96.8,81.3,Yes,Yes,Higher Secondary,74.5,Good,Pass
STU1867,Student_867,Male,17,English,3rd Year,75.0,6.9,83.8,85.4,60.9,90.4,Yes,Yes,School,76.7,Good,Pass
STU1868,Student_868,Female,18,Computer Science,3rd Year,74.0,2.8,78.0,58.0,59.8,80.9,Yes,Yes,Undergraduate,65.3,Good,Pass
STU1869,Student_869,Male,20,Information Technology,1st Year,80.6,3.2,70.1,90.7,94.3,91.5,Yes,Yes,Postgraduate,85.0,Excellent,Pass
STU1870,Student_870,Female,16,Physics,2nd Year,94.6,4.8,69.7,64.0,64.8,49.4,Yes,No,Higher Secondary,66.2,Good,Pass
STU1871,Student_871,Male,17,English,3rd Year,89.5,2.4,95.0,67.1,55.8,37.8,Yes,Yes,School,72.6,Good,Pass
STU1872,Student_872,Female,17,Physics,2nd Year,81.8,4.8,70.7,66.0,52.3,38.3,Yes,Yes,Higher Secondary,63.0,Average,Pass
STU1873,Student_873,Female,20,Computer Science,2nd Year,89.8,3.5,59.7,80.4,47.3,87.7,No,Yes,School,62.5,Average,Pass
STU1874,Student_874,Male,20,Computer Science,2nd Year,84.7,0.9,62.2,97.8,78.7,80.1,Yes,Yes,Postgraduate,79.6,Excellent,Pass
STU1875,Student_875,Female,16,Information Technology,1st Year,70.3,1.5,85.0,72.2,41.1,60.2,No,Yes,Undergraduate,66.1,Good,Pass
STU1876,Student_876,Male,16,Mathematics,2nd Year,80.5,3.0,100.0,71.8,91.5,65.2,Yes,Yes,Higher Secondary,87.8,Excellent,Pass
STU1877,Student_877,Female,20,Computer Science,3rd Year,81.3,5.3,67.1,64.0,68.5,76.0,Yes,Yes,Higher Secondary,66.5,Good,Pass
STU1878,Student_878,Female,15,English,1st Year,89.6,2.2,100.0,49.2,63.0,60.2,No,Yes,Postgraduate,70.7,Good,Pass
STU1879,Student_879,Male,17,Mathematics,3rd Year,76.3,2.7,74.8,65.4,66.3,58.7,No,Yes,Undergraduate,68.8,Good,Pass
STU1880,Student_880,Male,19,Commerce,3rd Year,72.9,3.8,70.8,54.4,77.4,61.2,No,Yes,Higher Secondary,67.5,Good,Pass
STU1881,Student_881,Male,16,Physics,1st Year,81.5,1.0,61.3,45.6,62.5,59.9,No,Yes,Postgraduate,56.5,Average,Pass
STU1882,Student_882,Female,16,Mathematics,3rd Year,75.5,3.9,72.0,70.9,66.9,71.7,No,No,Higher Secondary,69.9,Good,Pass
STU1883,Student_883,Male,20,Physics,3rd Year,78.8,1.2,63.7,64.4,86.8,95.9,Yes,Yes,Higher Secondary,71.6,Good,Pass
STU1884,Student_884,Female,18,Mathematics,1st Year,81.2,4.4,62.5,91.3,75.6,55.9,Yes,Yes,Postgraduate,76.5,Good,Pass
STU1885,Student_885,Female,19,Commerce,3rd Year,78.2,2.3,50.2,60.0,50.0,69.9,Yes,Yes,Postgraduate,53.4,Average,Pass
STU1886,Student_886,Male,19,Computer Science,2nd Year,91.6,2.1,100.0,81.4,58.7,77.9,No,Yes,School,80.0,Excellent,Pass
STU1887,Student_887,Male,16,Commerce,3rd Year,96.1,3.9,91.0,81.1,41.5,79.0,Yes,Yes,School,71.2,Good,Pass
STU1888,Student_888,Female,15,Computer Science,2nd Year,90.6,4.7,79.1,90.7,79.8,63.4,No,Yes,Higher Secondary,83.2,Excellent,Pass
STU1889,Student_889,Female,18,Computer Science,3rd Year,64.3,4.1,72.8,69.4,81.6,80.3,Yes,Yes,Postgraduate,74.6,Good,Pass
STU1890,Student_890,Male,19,Physics,1st Year,75.6,3.8,74.9,90.5,55.1,77.3,Yes,No,Undergraduate,73.5,Good,Pass
STU1891,Student_891,Male,16,English,1st Year,80.2,3.8,63.3,79.9,100.0,64.2,No,Yes,Undergraduate,81.1,Excellent,Pass
STU1892,Student_892,Male,19,Commerce,3rd Year,63.5,4.1,58.0,87.9,100.0,50.7,Yes,Yes,Higher Secondary,82.0,Excellent,Pass
STU1893,Student_893,Male,21,Mathematics,1st Year,73.2,4.2,85.8,100.0,70.4,53.9,No,No,School,85.4,Excellent,Pass
STU1894,Student_894,Male,18,Commerce,3rd Year,80.1,2.9,71.1,70.3,57.2,82.2,Yes,Yes,Postgraduate,66.2,Good,Pass
STU1895,Student_895,Female,18,Physics,1st Year,77.5,4.5,79.9,74.4,74.4,92.4,Yes,Yes,Postgraduate,76.2,Good,Pass
STU1896,Student_896,Female,21,Computer Science,2nd Year,82.1,2.3,50.1,66.9,56.9,71.0,No,Yes,School,58.0,Average,Pass
STU1897,Student_897,Female,17,Physics,3rd Year,68.2,5.1,70.3,93.6,85.2,92.0,No,Yes,Postgraduate,83.0,Excellent,Pass
STU1898,Student_898,Female,21,Information Technology,2nd Year,77.4,4.7,57.7,100.0,72.7,70.2,Yes,Yes,Higher Secondary,76.8,Good,Pass
STU1899,Student_899,Male,20,Information Technology,2nd Year,83.5,6.8,82.3,82.3,73.8,53.8,No,Yes,Postgraduate,79.5,Excellent,Pass
STU1900,Student_900,Male,20,Mathematics,3rd Year,82.1,4.3,89.9,49.5,98.1,67.9,No,Yes,Postgraduate,79.2,Excellent,Pass
STU1901,Student_901,Male,16,Physics,2nd Year,86.5,4.9,96.9,59.6,60.1,93.4,Yes,Yes,School,72.2,Good,Pass
STU1902,Student_902,Female,18,Mathematics,3rd Year,85.9,1.2,65.6,88.2,60.7,61.9,No,Yes,School,71.5,Good,Pass
STU1903,Student_903,Female,17,Mathematics,2nd Year,77.9,4.9,58.1,56.0,83.7,69.0,Yes,Yes,Undergraduate,65.9,Good,Pass
STU1904,Student_904,Male,17,Information Technology,3rd Year,83.2,5.3,68.7,63.6,63.2,88.8,Yes,Yes,Higher Secondary,65.2,Good,Pass
STU1905,Student_905,Male,19,Mathematics,3rd Year,74.0,5.8,64.5,63.1,95.7,87.8,No,Yes,School,74.4,Good,Pass
STU1906,Student_906,Female,19,Information Technology,1st Year,79.3,3.7,81.5,70.9,86.0,75.6,Yes,Yes,School,79.5,Excellent,Pass
STU1907,Student_907,Female,21,Computer Science,3rd Year,71.4,3.0,54.0,75.6,64.1,79.0,No,Yes,School,64.6,Good,Pass
STU1908,Student_908,Male,17,Physics,3rd Year,92.7,1.9,48.7,45.5,41.0,86.9,No,Yes,Postgraduate,45.1,Low,Fail
STU1909,Student_909,Male,21,Mathematics,2nd Year,79.3,2.0,69.8,50.6,46.8,75.6,Yes,Yes,Higher Secondary,55.7,Average,Pass
STU1910,Student_910,Female,21,Information Technology,3rd Year,92.6,3.5,85.9,50.9,62.3,90.2,No,Yes,Higher Secondary,66.4,Good,Pass
STU1911,Student_911,Male,19,Commerce,1st Year,85.1,0.9,59.6,52.6,76.5,81.1,No,Yes,Postgraduate,62.9,Average,Pass
STU1912,Student_912,Male,18,Mathematics,2nd Year,73.1,2.3,87.7,72.2,87.6,68.8,No,Yes,Postgraduate,82.5,Excellent,Pass
STU1913,Student_913,Male,21,English,2nd Year,84.5,3.6,80.5,74.7,66.5,77.5,Yes,Yes,School,73.9,Good,Pass
STU1914,Student_914,Female,15,Computer Science,1st Year,90.1,3.6,98.2,86.2,55.8,65.2,Yes,Yes,Undergraduate,80.1,Excellent,Pass
STU1915,Student_915,Female,18,Computer Science,2nd Year,81.2,2.0,63.0,79.8,67.7,56.5,No,Yes,Undergraduate,70.2,Good,Pass
STU1916,Student_916,Female,17,Commerce,2nd Year,82.7,1.6,50.9,63.8,70.3,53.9,No,Yes,Higher Secondary,61.7,Average,Pass
STU1917,Student_917,Female,17,Information Technology,2nd Year,76.5,1.9,84.0,75.2,90.9,67.9,Yes,Yes,Undergraduate,83.4,Excellent,Pass
STU1918,Student_918,Female,21,Mathematics,2nd Year,82.2,3.2,79.2,86.8,90.0,75.7,No,No,School,85.3,Excellent,Pass
STU1919,Student_919,Female,18,Information Technology,1st Year,84.4,6.7,78.0,68.8,54.0,98.0,No,Yes,Postgraduate,66.9,Good,Pass
STU1920,Student_920,Female,19,Computer Science,1st Year,76.2,5.1,59.3,67.7,77.3,77.2,Yes,Yes,Higher Secondary,68.1,Good,Pass
STU1921,Student_921,Male,19,Information Technology,2nd Year,71.2,3.8,86.6,58.8,56.3,73.9,No,Yes,Higher Secondary,67.2,Good,Pass
STU1922,Student_922,Male,20,Computer Science,2nd Year,94.9,4.3,65.5,60.7,56.8,69.5,Yes,Yes,Postgraduate,61.0,Average,Pass
STU1923,Student_923,Male,17,Information Technology,1st Year,88.0,5.0,78.0,81.6,86.6,65.6,Yes,Yes,Undergraduate,82.1,Excellent,Pass
STU1924,Student_924,Male,16,Commerce,1st Year,76.5,4.5,68.1,71.9,66.8,73.0,Yes,Yes,Higher Secondary,68.9,Good,Pass
STU1925,Student_925,Male,20,Physics,1st Year,84.2,3.0,80.3,99.4,80.2,66.9,Yes,No,Postgraduate,86.6,Excellent,Pass
STU1926,Student_926,Male,19,Commerce,2nd Year,67.2,2.2,57.1,62.5,78.6,66.1,Yes,Yes,Postgraduate,66.1,Good,Pass
STU1927,Student_927,Male,18,Commerce,2nd Year,62.2,3.3,82.5,82.7,68.7,83.3,No,No,Undergraduate,78.0,Good,Pass
STU1928,Student_928,Female,19,Physics,3rd Year,92.8,5.0,84.9,77.4,75.3,57.4,No,Yes,Undergraduate,79.2,Excellent,Pass
STU1929,Student_929,Female,18,Physics,1st Year,84.3,3.1,76.7,70.7,73.3,67.3,Yes,Yes,School,73.6,Good,Pass
STU1930,Student_930,Male,20,Mathematics,2nd Year,81.5,1.8,99.7,65.9,51.6,60.7,No,Yes,Undergraduate,72.4,Good,Pass
STU1931,Student_931,Male,17,Mathematics,1st Year,84.3,0.9,78.1,80.4,77.8,72.8,No,Yes,Undergraduate,78.8,Good,Pass
STU1932,Student_932,Female,19,Commerce,2nd Year,100.0,3.3,88.8,79.6,58.7,83.8,Yes,Yes,Postgraduate,75.7,Good,Pass
STU1933,Student_933,Male,21,Commerce,1st Year,90.7,2.0,76.4,74.8,52.9,76.2,Yes,Yes,Higher Secondary,68.0,Good,Pass
STU1934,Student_934,Male,18,Computer Science,2nd Year,71.5,2.8,87.4,78.0,83.7,67.7,Yes,Yes,Postgraduate,83.0,Excellent,Pass
STU1935,Student_935,Female,17,Computer Science,3rd Year,65.2,5.7,52.0,72.5,60.5,85.1,Yes,Yes,School,61.7,Average,Pass
STU1936,Student_936,Male,16,Mathematics,3rd Year,92.5,3.4,75.5,49.0,87.8,84.2,No,Yes,Postgraduate,70.8,Good,Pass
STU1937,Student_937,Female,18,English,1st Year,90.6,2.4,58.1,73.2,87.6,71.6,No,Yes,School,73.0,Good,Pass
STU1938,Student_938,Male,20,English,2nd Year,87.8,4.0,77.1,68.2,62.4,94.9,No,No,Undergraduate,69.2,Good,Pass
STU1939,Student_939,Female,16,Mathematics,2nd Year,73.9,6.4,80.8,99.2,87.1,77.3,No,Yes,Higher Secondary,89.0,Excellent,Pass
STU1940,Student_940,Female,16,Computer Science,1st Year,85.6,3.3,87.1,80.9,63.8,76.9,Yes,Yes,Higher Secondary,77.3,Good,Pass
STU1941,Student_941,Female,15,Computer Science,2nd Year,74.8,0.5,82.3,74.8,68.9,53.0,No,Yes,Postgraduate,75.3,Good,Pass
STU1942,Student_942,Male,19,English,1st Year,88.6,4.5,69.9,78.5,77.9,45.7,Yes,Yes,Higher Secondary,75.4,Good,Pass
STU1943,Student_943,Female,18,Information Technology,2nd Year,91.8,4.0,63.7,57.7,100.0,72.0,Yes,Yes,School,73.8,Good,Pass
STU1944,Student_944,Male,16,Information Technology,1st Year,76.6,3.6,39.9,63.5,85.1,86.0,No,Yes,School,62.8,Average,Pass
STU1945,Student_945,Male,15,Computer Science,2nd Year,93.3,3.2,76.0,67.3,69.1,75.9,Yes,Yes,Undergraduate,70.8,Good,Pass
STU1946,Student_946,Male,20,Information Technology,1st Year,83.1,2.3,92.1,77.4,71.7,85.3,Yes,Yes,Postgraduate,80.4,Excellent,Pass
STU1947,Student_947,Male,17,Physics,2nd Year,86.9,5.8,76.6,65.9,44.7,64.8,No,Yes,Undergraduate,62.4,Average,Pass
STU1948,Student_948,Female,21,Mathematics,3rd Year,68.9,0.7,73.7,65.0,86.1,72.2,No,Yes,Higher Secondary,74.9,Good,Pass
STU1949,Student_949,Female,21,Mathematics,2nd Year,84.3,3.0,77.1,57.0,84.4,71.3,Yes,Yes,Undergraduate,72.8,Good,Pass
STU1950,Student_950,Male,18,Computer Science,1st Year,75.2,3.0,69.2,72.4,74.5,44.0,Yes,Yes,Higher Secondary,72.0,Good,Pass
STU1951,Student_951,Male,16,Commerce,3rd Year,86.7,4.8,77.9,74.3,81.5,97.8,No,Yes,School,77.9,Good,Pass
STU1952,Student_952,Female,21,English,2nd Year,96.7,5.4,68.9,78.0,37.6,89.0,No,Yes,Postgraduate,61.5,Average,Pass
STU1953,Student_953,Male,19,Computer Science,3rd Year,84.9,3.2,61.5,62.3,52.7,84.9,Yes,Yes,Postgraduate,58.8,Average,Pass
STU1954,Student_954,Female,21,Information Technology,2nd Year,73.0,3.8,73.9,77.2,98.8,90.3,No,Yes,Undergraduate,83.3,Excellent,Pass
STU1955,Student_955,Male,21,English,3rd Year,88.3,3.9,73.5,57.4,65.9,64.0,No,Yes,Higher Secondary,65.6,Good,Pass
STU1956,Student_956,Male,21,Commerce,1st Year,86.0,5.1,100.0,68.9,82.1,82.9,No,Yes,School,83.7,Excellent,Pass
STU1957,Student_957,Female,15,Information Technology,2nd Year,100.0,5.0,62.9,76.2,58.1,64.0,No,Yes,Higher Secondary,65.7,Good,Pass
STU1958,Student_958,Male,16,Physics,2nd Year,84.5,2.7,72.6,68.4,62.9,73.2,No,Yes,Undergraduate,68.0,Good,Pass
STU1959,Student_959,Female,19,Information Technology,1st Year,76.1,4.2,71.2,50.1,99.7,44.9,Yes,Yes,Higher Secondary,73.7,Good,Pass
STU1960,Student_960,Male,16,Physics,3rd Year,89.7,4.1,68.3,51.8,67.5,68.8,Yes,Yes,School,62.5,Average,Pass
STU1961,Student_961,Male,18,English,1st Year,80.7,3.3,82.7,75.1,78.4,48.0,No,Yes,Undergraduate,78.7,Good,Pass
STU1962,Student_962,Male,18,Physics,1st Year,82.8,4.1,100.0,80.1,72.1,52.2,No,Yes,School,84.1,Excellent,Pass
STU1963,Student_963,Female,18,English,3rd Year,72.7,3.5,70.2,76.8,73.9,70.2,No,Yes,Undergraduate,73.6,Good,Pass
STU1964,Student_964,Male,20,English,1st Year,80.8,3.7,82.7,80.5,73.4,60.4,Yes,Yes,Postgraduate,78.9,Good,Pass
STU1965,Student_965,Male,21,English,2nd Year,82.3,1.5,46.3,68.1,38.4,76.1,No,Yes,Higher Secondary,50.9,Average,Pass
STU1966,Student_966,Male,20,English,2nd Year,80.7,2.1,69.1,82.3,77.6,96.1,Yes,Yes,School,76.3,Good,Pass
STU1967,Student_967,Male,15,English,2nd Year,76.1,4.7,98.3,76.7,61.4,61.7,No,Yes,School,78.8,Good,Pass
STU1968,Student_968,Female,18,Information Technology,1st Year,84.9,1.7,74.2,63.0,98.5,67.0,No,Yes,Higher Secondary,78.6,Good,Pass
STU1969,Student_969,Female,19,English,2nd Year,72.8,4.2,82.5,79.2,57.6,81.0,No,Yes,School,73.1,Good,Pass
STU1970,Student_970,Male,16,Information Technology,2nd Year,70.4,3.4,65.7,76.1,62.5,61.0,No,Yes,School,68.1,Good,Pass
STU1971,Student_971,Female,21,English,2nd Year,89.1,5.0,78.9,95.4,100.0,60.3,No,Yes,School,91.4,Excellent,Pass
STU1972,Student_972,Male,17,Physics,2nd Year,88.2,4.5,99.5,91.3,81.6,64.3,Yes,Yes,Postgraduate,90.8,Excellent,Pass
STU1973,Student_973,Male,19,English,2nd Year,68.9,2.8,57.6,70.7,54.3,84.2,No,Yes,School,60.9,Average,Pass
STU1974,Student_974,Male,21,Commerce,2nd Year,63.7,3.2,100.0,66.2,72.8,44.5,No,Yes,Postgraduate,79.7,Excellent,Pass
STU1975,Student_975,Female,20,English,1st Year,71.9,0.5,51.8,93.8,50.5,58.3,No,Yes,Higher Secondary,65.4,Good,Pass
STU1976,Student_976,Female,20,English,2nd Year,80.7,3.3,67.7,79.7,74.1,94.0,No,Yes,Postgraduate,73.8,Good,Pass
STU1977,Student_977,Female,19,Physics,2nd Year,93.5,1.6,62.5,69.6,57.1,25.0,Yes,Yes,School,63.1,Average,Pass
STU1978,Student_978,Female,20,Mathematics,3rd Year,80.5,3.2,70.9,44.2,99.8,69.1,No,No,School,71.6,Good,Pass
STU1979,Student_979,Female,18,Physics,1st Year,74.3,2.5,62.3,61.4,76.7,93.9,No,Yes,School,66.8,Good,Pass
STU1980,Student_980,Female,15,Commerce,1st Year,83.5,2.2,61.1,60.4,78.4,99.6,Yes,Yes,Postgraduate,66.6,Good,Pass
STU1981,Student_981,Female,16,Mathematics,1st Year,80.9,5.3,57.2,70.0,85.2,83.0,No,Yes,Undergraduate,70.8,Good,Pass
STU1982,Student_982,Female,15,Computer Science,1st Year,68.2,1.6,84.7,80.7,87.0,88.6,No,Yes,Undergraduate,84.1,Excellent,Pass
STU1983,Student_983,Female,21,Computer Science,2nd Year,68.2,2.1,71.4,82.8,59.0,56.8,Yes,Yes,Higher Secondary,71.1,Good,Pass
STU1984,Student_984,Male,16,Commerce,2nd Year,68.5,2.5,67.5,93.0,71.5,58.0,Yes,Yes,Higher Secondary,77.3,Good,Pass
STU1985,Student_985,Female,16,Physics,3rd Year,100.0,2.8,79.2,85.0,62.9,96.7,No,Yes,Higher Secondary,75.7,Good,Pass
STU1986,Student_986,Female,15,Information Technology,3rd Year,90.6,2.2,52.6,53.8,100.0,67.0,Yes,Yes,School,68.8,Good,Pass
STU1987,Student_987,Female,19,Commerce,1st Year,76.1,3.0,79.6,86.4,33.4,42.8,No,Yes,Undergraduate,66.5,Good,Pass
STU1988,Student_988,Female,16,Mathematics,3rd Year,93.1,4.0,73.6,96.3,60.8,77.3,No,Yes,Undergraduate,76.9,Good,Pass
STU1989,Student_989,Female,15,Mathematics,3rd Year,76.3,4.5,74.1,95.6,68.7,68.1,Yes,Yes,Higher Secondary,79.5,Excellent,Pass
STU1990,Student_990,Female,16,English,1st Year,92.8,4.4,82.8,55.0,72.2,72.2,Yes,Yes,Undergraduate,70.0,Good,Pass
STU1991,Student_991,Female,17,Computer Science,1st Year,82.8,0.6,99.7,69.3,71.9,35.3,No,Yes,Higher Secondary,80.3,Excellent,Pass
STU1992,Student_992,Female,19,Mathematics,3rd Year,75.4,4.1,79.8,85.5,69.3,31.3,No,Yes,School,78.2,Good,Pass
STU1993,Student_993,Female,18,Commerce,2nd Year,88.8,4.2,72.0,55.8,67.4,75.5,Yes,No,Undergraduate,65.1,Good,Pass
STU1994,Student_994,Female,16,Mathematics,3rd Year,83.4,2.5,57.3,47.9,73.9,66.5,No,Yes,School,59.7,Average,Pass
STU1995,Student_995,Female,17,Commerce,3rd Year,86.0,6.0,39.1,76.4,77.4,64.1,No,Yes,School,64.3,Good,Pass
STU1996,Student_996,Male,18,Information Technology,2nd Year,84.2,5.1,76.9,62.5,98.7,76.9,Yes,Yes,Undergraduate,79.4,Excellent,Pass
STU1997,Student_997,Male,18,English,2nd Year,84.1,3.2,56.1,49.2,98.5,59.3,Yes,No,Postgraduate,67.9,Good,Pass
STU1998,Student_998,Female,21,Computer Science,1st Year,90.0,2.6,36.9,89.2,74.8,67.0,No,Yes,Higher Secondary,67.0,Good,Pass
STU1999,Student_999,Female,16,Mathematics,1st Year,100.0,6.0,69.7,74.3,62.1,64.3,Yes,Yes,Undergraduate,68.7,Good,Pass
STU2000,Student_1000,Male,15,Commerce,3rd Year,94.5,3.5,78.6,64.7,63.2,84.3,No,Yes,School,68.8,Good,Pass
STU2001,Student_1001,Female,16,Physics,2nd Year,84.2,3.6,86.2,58.5,49.0,42.8,Yes,Yes,Higher Secondary,64.6,Good,Pass
STU2002,Student_1002,Male,17,Computer Science,1st Year,78.9,3.6,90.9,74.4,85.3,61.3,Yes,No,School,83.5,Excellent,Pass
STU2003,Student_1003,Male,18,Information Technology,3rd Year,80.0,7.0,88.1,79.2,69.3,87.3,Yes,Yes,Higher Secondary,78.9,Good,Pass
STU2004,Student_1004,Male,16,Commerce,2nd Year,69.4,3.2,88.5,76.6,77.0,58.4,Yes,Yes,Undergraduate,80.7,Excellent,Pass
STU2005,Student_1005,Male,15,English,3rd Year,88.6,3.5,53.0,50.7,75.3,72.8,Yes,No,School,59.7,Average,Pass
STU2006,Student_1006,Male,21,English,1st Year,71.9,2.3,72.8,78.7,58.8,96.0,Yes,Yes,Higher Secondary,70.1,Good,Pass
STU2007,Student_1007,Female,16,Information Technology,1st Year,78.3,2.9,83.7,81.7,56.9,73.4,Yes,No,Higher Secondary,74.1,Good,Pass
STU2008,Student_1008,Male,19,Information Technology,2nd Year,88.7,2.0,75.7,67.2,62.8,100.0,Yes,No,Undergraduate,68.6,Good,Pass
STU2009,Student_1009,Female,21,English,3rd Year,79.6,2.3,72.7,86.6,77.8,92.0,No,Yes,Higher Secondary,79.0,Good,Pass
STU2010,Student_1010,Female,15,Mathematics,2nd Year,77.1,0.8,75.4,60.1,68.7,61.2,No,Yes,Higher Secondary,68.1,Good,Pass
STU2011,Student_1011,Male,17,Mathematics,1st Year,70.0,4.8,78.7,90.1,41.8,52.0,No,Yes,School,70.2,Good,Pass
STU2012,Student_1012,Male,18,Commerce,1st Year,94.1,3.7,73.8,73.9,53.6,61.9,No,No,Undergraduate,67.1,Good,Pass
STU2013,Student_1013,Female,16,Physics,3rd Year,73.7,3.9,62.3,65.1,65.7,76.7,No,No,Undergraduate,64.4,Good,Pass
STU2014,Student_1014,Male,15,Commerce,3rd Year,76.1,3.4,49.5,67.5,69.5,76.2,Yes,Yes,School,62.2,Average,Pass
STU2015,Student_1015,Male,21,Physics,3rd Year,64.1,3.6,71.9,86.0,78.2,81.0,Yes,Yes,Postgraduate,78.7,Good,Pass
STU2016,Student_1016,Female,19,Information Technology,2nd Year,81.8,5.9,75.9,75.3,70.6,57.1,Yes,Yes,School,73.9,Good,Pass
STU2017,Student_1017,Female,15,Computer Science,3rd Year,78.7,2.3,75.7,81.0,64.2,59.3,No,Yes,School,73.6,Good,Pass
STU2018,Student_1018,Male,20,Commerce,3rd Year,83.8,3.9,89.3,87.0,63.6,79.4,No,Yes,Postgraduate,80.0,Excellent,Pass
STU2019,Student_1019,Female,19,Commerce,1st Year,70.3,3.9,92.0,64.6,73.2,100.0,No,Yes,Higher Secondary,76.6,Good,Pass
STU2020,Student_1020,Male,21,Physics,1st Year,89.3,5.2,73.4,73.8,76.7,54.5,Yes,Yes,Undergraduate,74.6,Good,Pass
STU2021,Student_1021,Male,17,Information Technology,3rd Year,63.6,4.2,73.5,68.9,64.7,69.9,No,Yes,Undergraduate,69.0,Good,Pass
STU2022,Student_1022,Male,18,Information Technology,3rd Year,81.1,4.2,83.6,86.2,52.8,65.6,Yes,Yes,Postgraduate,74.2,Good,Pass
STU2023,Student_1023,Female,21,Physics,1st Year,83.2,1.6,81.4,66.6,68.4,73.2,No,Yes,Undergraduate,72.1,Good,Pass
STU2024,Student_1024,Female,17,Information Technology,3rd Year,82.6,2.3,68.4,72.7,59.6,53.0,No,Yes,Postgraduate,66.9,Good,Pass
STU2025,Student_1025,Female,16,English,2nd Year,83.6,1.7,84.9,100.0,74.6,72.3,Yes,Yes,Higher Secondary,86.5,Excellent,Pass
STU2026,Student_1026,Female,15,Mathematics,2nd Year,89.9,0.5,72.8,90.0,93.7,89.3,Yes,No,Postgraduate,85.5,Excellent,Pass
STU2027,Student_1027,Female,20,English,2nd Year,95.2,4.1,73.1,57.5,48.4,46.6,No,Yes,Undergraduate,59.7,Average,Pass
STU2028,Student_1028,Male,19,Computer Science,3rd Year,80.4,3.1,81.5,84.6,88.4,85.9,No,Yes,Undergraduate,84.8,Excellent,Pass
STU2029,Student_1029,Male,19,Commerce,1st Year,72.3,4.1,70.5,81.6,77.5,53.1,Yes,Yes,Postgraduate,76.5,Good,Pass
STU2030,Student_1030,Male,15,Computer Science,3rd Year,87.6,3.6,76.4,56.6,87.6,74.9,No,Yes,Undergraduate,73.5,Good,Pass
STU2031,Student_1031,Male,20,Commerce,3rd Year,79.2,3.9,79.5,70.5,63.0,78.3,No,Yes,Postgraduate,71.0,Good,Pass
STU2032,Student_1032,Female,15,Mathematics,1st Year,94.6,5.5,87.3,58.7,46.9,76.6,Yes,Yes,Undergraduate,64.3,Good,Pass
STU2033,Student_1033,Male,16,Information Technology,1st Year,76.0,3.5,86.2,38.5,72.9,66.0,Yes,Yes,School,65.9,Good,Pass
STU2034,Student_1034,Female,17,English,1st Year,73.4,4.5,79.0,70.0,92.4,80.9,No,Yes,Higher Secondary,80.5,Excellent,Pass
STU2035,Student_1035,Male,21,Physics,2nd Year,83.4,3.0,35.9,64.9,53.0,52.1,No,Yes,Undergraduate,51.3,Average,Pass
STU2036,Student_1036,Female,19,English,3rd Year,64.6,4.7,78.7,56.6,55.4,84.7,Yes,Yes,Undergraduate,63.6,Average,Pass
STU2037,Student_1037,Female,16,Mathematics,1st Year,77.3,1.6,81.0,71.9,79.4,64.0,Yes,Yes,Undergraduate,77.4,Good,Pass
STU2038,Student_1038,Male,17,Computer Science,3rd Year,78.7,0.7,84.0,42.3,61.8,75.8,Yes,Yes,Postgraduate,62.7,Average,Pass
STU2039,Student_1039,Male,16,Physics,2nd Year,84.2,6.7,60.7,72.6,96.7,65.7,No,Yes,Undergraduate,76.7,Good,Pass
STU2040,Student_1040,Male,20,Information Technology,2nd Year,72.0,6.3,43.2,72.2,80.4,94.0,Yes,Yes,Postgraduate,65.3,Good,Pass
STU2041,Student_1041,Male,19,Mathematics,1st Year,73.2,0.6,87.1,81.5,58.5,77.6,No,Yes,Undergraduate,75.7,Good,Pass
STU2042,Student_1042,Female,21,Physics,1st Year,93.6,3.4,56.6,49.6,61.0,80.8,No,Yes,School,55.7,Average,Pass
STU2043,Student_1043,Male,15,Mathematics,3rd Year,81.9,3.7,93.3,100.0,61.6,82.8,No,Yes,School,85.0,Excellent,Pass
STU2044,Student_1044,Male,15,Mathematics,1st Year,90.6,4.6,66.3,96.6,69.3,67.4,No,Yes,Higher Secondary,77.4,Good,Pass
STU2045,Student_1045,Female,17,Information Technology,3rd Year,76.6,6.1,59.6,61.2,74.9,75.3,No,Yes,Postgraduate,65.2,Good,Pass
STU2046,Student_1046,Male,21,Commerce,1st Year,81.5,1.9,80.2,92.4,73.7,73.5,No,Yes,Higher Secondary,82.1,Excellent,Pass
STU2047,Student_1047,Male,18,Physics,3rd Year,84.1,2.0,84.2,84.0,52.0,80.7,No,Yes,Undergraduate,73.4,Good,Pass
STU2048,Student_1048,Male,20,Information Technology,3rd Year,99.5,3.5,83.3,65.8,84.4,64.3,No,Yes,Undergraduate,77.8,Good,Pass
STU2049,Student_1049,Male,17,Mathematics,3rd Year,79.8,2.1,82.5,63.5,65.4,60.4,Yes,Yes,School,70.5,Good,Pass
STU2050,Student_1050,Male,18,Information Technology,3rd Year,80.3,0.5,64.4,64.6,55.2,88.7,Yes,Yes,Higher Secondary,61.4,Average,Pass
STU2051,Student_1051,Female,16,Commerce,2nd Year,93.0,3.2,52.1,100.0,62.6,82.8,No,Yes,Undergraduate,71.6,Good,Pass
STU2052,Student_1052,Male,20,English,3rd Year,78.2,4.8,69.2,91.0,86.2,58.4,No,Yes,Undergraduate,82.1,Excellent,Pass
STU2053,Student_1053,Male,16,Physics,1st Year,84.8,3.5,57.8,69.2,73.0,99.5,No,No,Postgraduate,66.7,Good,Pass
STU2054,Student_1054,Male,21,Commerce,2nd Year,92.1,4.4,81.5,70.4,74.4,62.4,No,Yes,Undergraduate,75.4,Good,Pass
STU2055,Student_1055,Male,19,Computer Science,2nd Year,76.2,4.2,88.1,83.9,51.3,72.8,No,Yes,Higher Secondary,74.4,Good,Pass
STU2056,Student_1056,Male,20,Physics,3rd Year,85.4,2.0,77.6,83.3,72.1,88.5,No,Yes,School,77.7,Good,Pass
STU2057,Student_1057,Female,18,Commerce,2nd Year,99.5,3.6,75.0,58.6,86.0,88.4,Yes,Yes,School,73.2,Good,Pass
STU2058,Student_1058,Male,19,Mathematics,3rd Year,91.2,1.2,70.3,76.2,41.2,60.4,No,Yes,Undergraduate,62.6,Average,Pass
STU2059,Student_1059,Female,15,Physics,1st Year,84.8,2.7,89.7,64.3,63.8,78.8,No,Yes,Undergraduate,72.6,Good,Pass
STU2060,Student_1060,Female,18,Physics,3rd Year,79.8,3.6,47.5,74.1,80.0,66.3,No,Yes,Undergraduate,67.2,Good,Pass
STU2061,Student_1061,Male,17,Information Technology,2nd Year,76.0,3.5,56.9,71.3,72.5,77.3,No,Yes,Postgraduate,66.9,Good,Pass
STU2062,Student_1062,Male,15,Mathematics,1st Year,72.1,1.6,100.0,86.2,53.7,69.1,No,Yes,Undergraduate,80.0,Excellent,Pass
STU2063,Student_1063,Male,15,Computer Science,3rd Year,97.1,1.9,56.2,68.2,76.4,65.0,No,No,Undergraduate,66.9,Good,Pass
STU2064,Student_1064,Male,17,English,1st Year,95.2,3.9,83.0,73.7,51.3,56.6,Yes,Yes,Postgraduate,69.3,Good,Pass
STU2065,Student_1065,Female,20,Commerce,1st Year,75.4,4.7,86.1,45.7,56.1,88.8,Yes,Yes,Higher Secondary,62.6,Average,Pass
STU2066,Student_1066,Male,15,Information Technology,2nd Year,85.4,3.2,46.1,76.5,57.8,59.8,No,No,Postgraduate,60.1,Average,Pass
STU2067,Student_1067,Male,21,Commerce,1st Year,83.1,3.1,49.0,61.1,94.7,93.0,Yes,No,School,68.3,Good,Pass
STU2068,Student_1068,Male,18,Computer Science,2nd Year,93.8,4.9,94.0,50.8,43.3,66.6,No,Yes,Postgraduate,62.7,Average,Pass
STU2069,Student_1069,Male,19,Computer Science,1st Year,85.8,2.3,60.4,87.8,44.5,78.3,Yes,Yes,Postgraduate,64.2,Good,Pass
STU2070,Student_1070,Male,15,Physics,3rd Year,81.8,6.1,60.8,71.4,74.5,94.1,Yes,Yes,Higher Secondary,68.9,Good,Pass
STU2071,Student_1071,Male,18,Computer Science,1st Year,76.6,1.5,67.2,42.9,71.7,64.5,Yes,Yes,Higher Secondary,60.6,Average,Pass
STU2072,Student_1072,Female,16,Commerce,3rd Year,85.4,5.1,60.4,61.0,62.5,78.1,Yes,Yes,Undergraduate,61.3,Average,Pass
STU2073,Student_1073,Female,18,Mathematics,3rd Year,78.5,4.3,82.9,72.1,70.2,78.4,Yes,Yes,Postgraduate,75.1,Good,Pass
STU2074,Student_1074,Male,19,Mathematics,1st Year,84.2,7.1,57.3,72.5,53.0,61.0,No,Yes,Higher Secondary,60.9,Average,Pass
STU2075,Student_1075,Male,18,Physics,3rd Year,81.2,1.8,45.5,65.0,71.5,74.3,Yes,Yes,School,60.7,Average,Pass
STU2076,Student_1076,Male,17,English,1st Year,78.3,0.5,92.3,25.0,73.4,82.2,No,Yes,Undergraduate,63.6,Average,Pass
STU2077,Student_1077,Female,19,Commerce,1st Year,72.3,5.4,58.0,64.3,89.4,96.5,No,Yes,Postgraduate,70.6,Good,Pass
STU2078,Student_1078,Male,20,Commerce,3rd Year,87.1,1.3,63.7,87.0,100.0,64.8,No,No,School,83.6,Excellent,Pass
STU2079,Student_1079,Female,16,Computer Science,3rd Year,82.4,4.4,87.4,91.6,65.7,76.2,No,Yes,Higher Secondary,81.6,Excellent,Pass
STU2080,Student_1080,Male,17,Commerce,2nd Year,99.9,5.3,76.1,63.5,49.6,69.1,No,Yes,Undergraduate,63.1,Average,Pass
STU2081,Student_1081,Male,20,Information Technology,3rd Year,71.7,4.1,91.7,98.4,76.2,73.9,Yes,Yes,School,88.8,Excellent,Pass
STU2082,Student_1082,Male,18,English,2nd Year,88.3,3.8,87.7,49.4,67.9,62.1,Yes,Yes,Postgraduate,68.3,Good,Pass
STU2083,Student_1083,Male,19,Computer Science,3rd Year,81.2,4.1,68.2,60.7,67.2,68.5,No,Yes,School,65.4,Good,Pass
STU2084,Student_1084,Female,16,Information Technology,1st Year,100.0,4.8,90.3,84.5,44.2,93.8,Yes,Yes,Undergraduate,73.0,Good,Pass
STU2085,Student_1085,Female,17,Physics,3rd Year,87.5,4.4,77.5,82.3,71.6,72.9,No,Yes,Postgraduate,77.1,Good,Pass
STU2086,Student_1086,Male,20,Mathematics,1st Year,85.2,1.7,66.0,71.9,76.8,72.1,No,No,Postgraduate,71.6,Good,Pass
STU2087,Student_1087,Male,20,Physics,1st Year,81.2,6.2,79.4,56.3,85.9,58.2,Yes,Yes,School,73.9,Good,Pass
STU2088,Student_1088,Female,16,Mathematics,1st Year,75.0,3.6,55.4,56.3,61.9,87.4,Yes,Yes,Undergraduate,57.9,Average,Pass
STU2089,Student_1089,Female,21,Physics,2nd Year,85.1,4.3,87.5,61.8,56.8,83.7,No,Yes,Postgraduate,68.7,Good,Pass
STU2090,Student_1090,Female,18,Commerce,3rd Year,68.2,4.6,85.6,56.9,61.8,72.9,No,Yes,Undergraduate,68.1,Good,Pass
STU2091,Student_1091,Female,16,Information Technology,1st Year,68.6,5.2,76.8,73.8,84.9,99.5,No,Yes,Higher Secondary,78.5,Good,Pass
STU2092,Student_1092,Male,20,Mathematics,1st Year,92.1,5.1,46.2,70.7,92.2,63.0,Yes,Yes,School,69.7,Good,Pass
STU2093,Student_1093,Female,15,Computer Science,2nd Year,64.4,3.7,92.3,55.7,87.9,55.4,Yes,Yes,Undergraduate,78.6,Good,Pass
STU2094,Student_1094,Male,17,Information Technology,3rd Year,78.8,3.6,81.6,67.0,80.4,69.6,Yes,Yes,Higher Secondary,76.3,Good,Pass
STU2095,Student_1095,Female,16,Computer Science,3rd Year,71.5,4.1,74.7,34.9,69.5,58.3,Yes,Yes,Higher Secondary,59.7,Average,Pass
STU2096,Student_1096,Female,21,Information Technology,2nd Year,78.0,5.2,72.3,76.7,72.0,74.6,Yes,Yes,Undergraduate,73.7,Good,Pass
STU2097,Student_1097,Female,20,Information Technology,2nd Year,83.8,1.8,66.9,82.0,74.3,72.1,Yes,No,Undergraduate,74.4,Good,Pass
STU2098,Student_1098,Female,18,Physics,3rd Year,91.8,4.5,69.8,59.2,66.0,88.3,Yes,Yes,School,65.0,Good,Pass
STU2099,Student_1099,Female,20,Mathematics,2nd Year,94.2,2.2,86.5,61.0,84.2,64.2,No,Yes,School,77.2,Good,Pass
STU2100,Student_1100,Male,18,Mathematics,3rd Year,72.8,6.3,67.2,75.6,43.6,76.0,No,Yes,Postgraduate,62.1,Average,Pass
STU2101,Student_1101,Male,16,Information Technology,3rd Year,77.3,4.1,70.9,73.5,46.5,73.8,Yes,Yes,School,63.6,Average,Pass
STU2102,Student_1102,Female,18,Commerce,1st Year,100.0,2.9,73.1,82.8,43.5,83.5,No,Yes,Undergraduate,66.5,Good,Pass
STU2103,Student_1103,Female,19,Commerce,1st Year,79.5,4.1,73.5,61.1,57.2,54.0,No,No,Postgraduate,63.9,Average,Pass
STU2104,Student_1104,Male,19,Computer Science,3rd Year,73.2,3.5,65.7,62.8,91.5,57.5,No,Yes,Higher Secondary,73.3,Good,Pass
STU2105,Student_1105,Female,19,Computer Science,3rd Year,74.8,3.3,72.4,68.9,51.0,62.3,No,Yes,Higher Secondary,64.1,Good,Pass
STU2106,Student_1106,Female,21,Physics,3rd Year,79.6,0.8,80.1,57.1,51.6,54.7,Yes,Yes,Undergraduate,62.9,Average,Pass
STU2107,Student_1107,Male,21,Information Technology,3rd Year,78.1,2.0,61.4,68.6,56.8,80.2,Yes,Yes,Postgraduate,62.3,Average,Pass
STU2108,Student_1108,Female,15,Computer Science,3rd Year,79.7,3.3,72.5,57.3,87.7,80.3,Yes,Yes,Postgraduate,72.5,Good,Pass
STU2109,Student_1109,Female,21,Computer Science,3rd Year,81.8,1.0,100.0,77.8,93.0,87.4,Yes,No,School,90.3,Excellent,Pass
STU2110,Student_1110,Male,16,English,2nd Year,81.7,2.6,74.1,58.9,86.2,68.8,No,Yes,Higher Secondary,73.1,Good,Pass
STU2111,Student_1111,Male,20,Information Technology,3rd Year,72.4,2.8,61.0,75.5,87.2,64.1,No,Yes,Higher Secondary,74.6,Good,Pass
STU2112,Student_1112,Male,20,Physics,2nd Year,85.7,2.3,59.3,92.4,96.4,56.8,Yes,Yes,School,82.7,Excellent,Pass
STU2113,Student_1113,Female,15,Computer Science,2nd Year,83.2,4.7,56.0,78.0,41.3,90.6,No,Yes,Higher Secondary,58.4,Average,Pass
STU2114,Student_1114,Male,21,Physics,3rd Year,87.0,2.2,99.4,74.5,50.4,67.7,No,Yes,School,74.8,Good,Pass
STU2115,Student_1115,Male,18,Mathematics,3rd Year,64.9,3.6,90.1,52.9,58.8,60.1,Yes,Yes,Higher Secondary,67.3,Good,Pass
STU2116,Student_1116,Male,15,Physics,2nd Year,83.6,3.0,55.7,91.4,71.7,82.3,No,No,Higher Secondary,72.9,Good,Pass
STU2117,Student_1117,Male,18,Commerce,2nd Year,62.1,3.3,78.2,87.6,71.6,65.9,Yes,Yes,Higher Secondary,79.1,Excellent,Pass
STU2118,Student_1118,Male,18,Commerce,3rd Year,80.2,5.9,93.4,69.8,71.9,55.0,No,No,School,78.4,Good,Pass
STU2119,Student_1119,Male,17,Physics,3rd Year,88.6,3.8,74.4,66.6,83.3,58.0,Yes,Yes,Higher Secondary,74.8,Good,Pass
STU2120,Student_1120,Female,20,Commerce,2nd Year,92.5,4.1,67.6,60.6,39.3,72.4,Yes,Yes,Higher Secondary,55.8,Average,Pass
STU2121,Student_1121,Female,19,Mathematics,2nd Year,85.3,2.4,100.0,97.1,67.8,54.9,No,Yes,Postgraduate,88.3,Excellent,Pass
STU2122,Student_1122,Male,21,Information Technology,2nd Year,88.8,4.4,46.4,83.0,74.2,69.7,No,Yes,Higher Secondary,67.9,Good,Pass
STU2123,Student_1123,Male,18,Commerce,1st Year,79.0,4.4,100.0,61.4,64.8,58.0,Yes,Yes,Undergraduate,75.4,Good,Pass
STU2124,Student_1124,Male,17,Commerce,2nd Year,76.9,4.2,75.9,87.4,73.0,56.8,No,Yes,Higher Secondary,78.8,Good,Pass
STU2125,Student_1125,Female,20,Physics,1st Year,100.0,1.7,94.4,90.7,86.4,63.7,No,Yes,Higher Secondary,90.5,Excellent,Pass
STU2126,Student_1126,Female,19,Mathematics,3rd Year,90.3,2.6,57.0,71.7,71.0,73.4,Yes,Yes,Postgraduate,66.6,Good,Pass
STU2127,Student_1127,Female,18,Information Technology,3rd Year,70.3,5.7,64.1,67.2,100.0,75.8,No,No,Postgraduate,77.1,Good,Pass
STU2128,Student_1128,Female,18,Physics,2nd Year,64.7,2.5,58.8,58.1,85.2,84.9,No,Yes,School,67.4,Good,Pass
STU2129,Student_1129,Female,15,Physics,3rd Year,77.3,5.9,73.5,81.9,74.3,59.3,Yes,Yes,School,76.6,Good,Pass
STU2130,Student_1130,Female,15,English,3rd Year,93.9,2.7,79.6,66.0,78.1,91.9,No,Yes,Undergraduate,74.6,Good,Pass
STU2131,Student_1131,Female,20,Mathematics,3rd Year,82.5,3.7,91.0,65.4,81.9,100.0,No,Yes,Postgraduate,79.4,Excellent,Pass
STU2132,Student_1132,Female,19,Information Technology,3rd Year,59.8,3.2,49.3,71.8,89.0,64.7,No,Yes,School,70.0,Good,Pass
STU2133,Student_1133,Female,18,Mathematics,1st Year,80.2,2.2,77.4,60.5,88.8,44.5,No,Yes,School,75.6,Good,Pass
STU2134,Student_1134,Male,20,Information Technology,1st Year,82.0,2.3,88.4,93.4,78.2,44.9,Yes,Yes,School,86.7,Excellent,Pass
STU2135,Student_1135,Male,20,Mathematics,2nd Year,57.8,2.4,91.2,85.6,50.3,63.5,Yes,Yes,Postgraduate,75.7,Good,Pass
STU2136,Student_1136,Male,16,Physics,2nd Year,82.2,3.7,68.4,73.1,76.6,60.6,No,Yes,Postgraduate,72.7,Good,Pass
STU2137,Student_1137,Male,21,Physics,2nd Year,71.9,4.8,68.6,60.1,79.3,71.1,No,Yes,Undergraduate,69.3,Good,Pass
STU2138,Student_1138,Female,15,Computer Science,3rd Year,63.6,3.6,73.6,60.8,82.4,78.6,Yes,Yes,Postgraduate,72.3,Good,Pass
STU2139,Student_1139,Female,19,Commerce,3rd Year,98.0,3.4,77.8,60.2,58.3,51.7,Yes,No,Postgraduate,65.4,Good,Pass
STU2140,Student_1140,Male,18,English,1st Year,71.4,5.3,94.5,54.8,81.8,68.4,No,No,Postgraduate,77.0,Good,Pass
STU2141,Student_1141,Female,20,Mathematics,1st Year,75.3,3.6,56.8,76.5,82.8,63.4,Yes,Yes,Undergraduate,72.0,Good,Pass
STU2142,Student_1142,Male,18,English,2nd Year,75.2,2.7,63.2,63.0,50.6,100.0,Yes,Yes,Higher Secondary,58.9,Average,Pass
STU2143,Student_1143,Female,16,Computer Science,1st Year,82.0,2.0,55.0,62.2,50.8,50.3,No,Yes,Higher Secondary,56.0,Average,Pass
STU2144,Student_1144,Male,19,Commerce,1st Year,99.7,5.4,81.4,60.6,87.9,59.6,No,Yes,School,76.6,Good,Pass
STU2145,Student_1145,Female,20,Mathematics,1st Year,70.0,3.0,91.5,86.1,56.3,71.5,No,Yes,Higher Secondary,78.0,Good,Pass
STU2146,Student_1146,Female,18,Information Technology,1st Year,78.9,2.6,53.7,61.4,94.6,59.7,No,Yes,Higher Secondary,69.9,Good,Pass
STU2147,Student_1147,Male,15,Commerce,1st Year,83.2,2.5,76.3,89.8,65.5,88.0,Yes,Yes,Undergraduate,77.2,Good,Pass
STU2148,Student_1148,Female,21,Physics,2nd Year,73.3,5.3,90.4,68.0,76.2,55.7,No,Yes,Undergraduate,78.2,Good,Pass
STU2149,Student_1149,Male,16,Computer Science,2nd Year,78.8,2.6,86.8,54.6,75.4,57.3,Yes,Yes,Higher Secondary,72.3,Good,Pass
STU2150,Student_1150,Male,19,Commerce,1st Year,87.9,5.0,86.6,78.6,58.6,89.3,No,Yes,Higher Secondary,74.6,Good,Pass
STU2151,Student_1151,Male,16,Commerce,2nd Year,74.4,3.2,57.2,84.4,92.2,53.1,No,Yes,Higher Secondary,77.9,Good,Pass
STU2152,Student_1152,Male,15,Physics,3rd Year,78.6,1.7,86.5,60.0,65.6,83.5,No,Yes,School,70.7,Good,Pass
STU2153,Student_1153,Female,19,Mathematics,1st Year,77.7,3.0,72.2,72.9,70.9,64.2,No,Yes,Undergraduate,72.0,Good,Pass
STU2154,Student_1154,Female,16,Information Technology,3rd Year,81.0,3.5,91.1,76.5,38.3,61.7,Yes,Yes,Higher Secondary,68.6,Good,Pass
STU2155,Student_1155,Female,17,Physics,2nd Year,84.4,3.3,81.7,73.3,48.6,63.4,No,Yes,Postgraduate,67.9,Good,Pass
STU2156,Student_1156,Male,15,Information Technology,2nd Year,87.9,3.3,62.8,65.6,88.0,54.2,Yes,Yes,Higher Secondary,72.1,Good,Pass
STU2157,Student_1157,Female,15,Mathematics,3rd Year,100.0,3.0,79.2,84.3,69.9,84.6,Yes,Yes,Postgraduate,77.8,Good,Pass
STU2158,Student_1158,Male,15,Commerce,2nd Year,55.4,2.3,87.3,68.5,52.6,73.0,Yes,Yes,School,69.5,Good,Pass
STU2159,Student_1159,Female,17,Information Technology,1st Year,80.3,3.5,67.4,63.5,60.9,84.4,No,Yes,Postgraduate,63.9,Average,Pass
STU2160,Student_1160,Female,17,Computer Science,3rd Year,68.4,4.3,76.9,47.3,78.8,88.6,No,Yes,Undergraduate,67.7,Good,Pass
STU2161,Student_1161,Female,18,Computer Science,1st Year,78.1,1.3,55.0,47.4,90.2,79.1,Yes,Yes,School,64.2,Good,Pass
STU2162,Student_1162,Male,20,Physics,3rd Year,90.8,5.4,83.2,75.0,61.0,49.2,Yes,No,School,73.1,Good,Pass
STU2163,Student_1163,Female,21,Mathematics,2nd Year,94.0,0.5,74.2,70.9,87.5,56.5,No,Yes,Higher Secondary,77.5,Good,Pass
STU2164,Student_1164,Female,16,Physics,3rd Year,94.4,3.6,88.7,84.4,67.4,83.8,Yes,Yes,School,80.2,Excellent,Pass
STU2165,Student_1165,Male,18,Physics,3rd Year,94.4,4.2,82.8,87.8,78.0,71.8,No,Yes,School,82.9,Excellent,Pass
STU2166,Student_1166,Female,16,English,1st Year,80.3,2.6,68.9,68.6,41.6,80.8,No,Yes,Postgraduate,59.7,Average,Pass
STU2167,Student_1167,Male,21,Physics,2nd Year,96.0,0.5,62.3,85.3,44.3,69.7,No,Yes,Higher Secondary,64.0,Average,Pass
STU2168,Student_1168,Female,20,English,1st Year,98.0,3.4,58.9,64.1,83.1,64.6,No,Yes,Undergraduate,68.7,Good,Pass
STU2169,Student_1169,Male,17,Computer Science,2nd Year,83.4,3.8,67.4,69.9,74.4,80.8,No,No,Higher Secondary,70.6,Good,Pass
STU2170,Student_1170,Male,20,Computer Science,1st Year,93.8,1.8,88.3,69.5,76.5,45.1,No,No,Undergraduate,78.1,Good,Pass
STU2171,Student_1171,Female,17,Physics,3rd Year,82.4,2.3,48.7,94.1,52.7,66.2,Yes,Yes,Postgraduate,65.2,Good,Pass
STU2172,Student_1172,Male,21,Computer Science,1st Year,96.1,4.9,59.5,54.1,63.2,72.0,Yes,Yes,School,58.9,Average,Pass
STU2173,Student_1173,Male,20,Mathematics,2nd Year,80.4,3.7,87.9,72.8,43.2,74.1,Yes,Yes,School,68.0,Good,Pass
STU2174,Student_1174,Male,18,English,2nd Year,75.9,1.2,94.9,62.3,56.4,51.6,No,Yes,Higher Secondary,71.2,Good,Pass
STU2175,Student_1175,Male,19,English,3rd Year,70.8,4.2,60.3,67.8,69.6,52.2,No,Yes,Higher Secondary,65.9,Good,Pass
STU2176,Student_1176,Male,18,Physics,2nd Year,80.3,2.1,59.3,67.2,75.2,65.1,Yes,Yes,Higher Secondary,67.2,Good,Pass
STU2177,Student_1177,Male,16,Computer Science,1st Year,82.8,2.3,96.1,73.0,58.6,70.1,No,Yes,School,75.9,Good,Pass
STU2178,Student_1178,Female,18,Information Technology,3rd Year,72.5,3.8,73.1,90.9,78.8,94.3,Yes,Yes,School,80.9,Excellent,Pass
STU2179,Student_1179,Male,21,English,2nd Year,79.5,3.7,61.6,98.6,69.4,57.8,No,Yes,Postgraduate,76.5,Good,Pass
STU2180,Student_1180,Male,15,Physics,2nd Year,76.7,2.9,90.7,81.2,66.4,63.6,Yes,No,Undergraduate,79.4,Excellent,Pass
STU2181,Student_1181,Female,16,Physics,1st Year,71.2,2.7,82.6,58.3,71.3,94.9,No,Yes,Higher Secondary,70.7,Good,Pass
STU2182,Student_1182,Female,20,Mathematics,1st Year,92.4,3.1,86.0,69.6,100.0,87.0,No,No,School,85.2,Excellent,Pass
STU2183,Student_1183,Female,16,Commerce,3rd Year,94.1,2.3,62.4,75.6,67.4,54.3,Yes,Yes,Undergraduate,68.5,Good,Pass
STU2184,Student_1184,Female,19,Commerce,2nd Year,92.3,5.1,80.6,66.3,85.2,81.1,No,Yes,Higher Secondary,77.4,Good,Pass
STU2185,Student_1185,Female,17,English,1st Year,81.2,1.1,93.7,68.1,78.7,83.5,Yes,Yes,Higher Secondary,80.2,Excellent,Pass
STU2186,Student_1186,Female,20,Mathematics,3rd Year,81.8,3.1,84.6,71.0,66.0,73.9,No,Yes,Undergraduate,73.9,Good,Pass
STU2187,Student_1187,Female,16,Mathematics,2nd Year,71.4,1.3,88.8,82.8,45.2,53.4,No,Yes,Undergraduate,72.3,Good,Pass
STU2188,Student_1188,Male,20,Mathematics,2nd Year,86.1,4.9,96.0,79.4,60.0,62.1,No,Yes,Undergraduate,78.5,Good,Pass
STU2189,Student_1189,Male,20,English,3rd Year,83.7,3.1,81.4,63.5,71.2,61.6,Yes,No,School,72.0,Good,Pass
STU2190,Student_1190,Female,20,Commerce,3rd Year,100.0,1.9,66.5,80.3,68.3,78.9,No,Yes,Postgraduate,71.7,Good,Pass
STU2191,Student_1191,Male,17,Mathematics,1st Year,92.9,4.5,88.2,96.1,90.7,64.6,Yes,Yes,Higher Secondary,91.7,Excellent,Pass
STU2192,Student_1192,Male,21,Computer Science,2nd Year,85.2,0.5,58.4,50.8,58.3,67.0,No,Yes,Higher Secondary,55.8,Average,Pass
STU2193,Student_1193,Male,18,Physics,2nd Year,81.6,3.9,71.7,65.9,67.7,62.0,No,Yes,Undergraduate,68.4,Good,Pass
STU2194,Student_1194,Female,20,Physics,2nd Year,92.0,5.2,83.8,64.8,78.6,47.6,No,Yes,School,75.7,Good,Pass
STU2195,Student_1195,Female,15,Information Technology,3rd Year,72.8,3.8,30.0,73.1,65.5,100.0,No,Yes,Undergraduate,56.2,Average,Pass
STU2196,Student_1196,Male,21,Information Technology,1st Year,93.4,2.7,78.8,46.5,85.6,77.0,Yes,Yes,School,70.3,Good,Pass
STU2197,Student_1197,Female,19,English,2nd Year,71.1,1.6,79.5,91.1,52.6,93.1,No,Yes,Postgraduate,74.4,Good,Pass
STU2198,Student_1198,Male,17,English,3rd Year,76.4,5.1,58.0,72.7,45.7,54.3,Yes,Yes,Higher Secondary,58.8,Average,Pass
STU2199,Student_1199,Male,16,Physics,2nd Year,63.6,4.9,79.9,76.2,65.4,93.8,Yes,Yes,Higher Secondary,73.8,Good,Pass
STU2200,Student_1200,Male,17,Computer Science,1st Year,88.1,2.5,77.8,74.6,68.9,65.1,No,No,School,73.8,Good,Pass
STU2201,Student_1201,Male,16,Commerce,2nd Year,84.5,2.6,75.5,64.8,73.5,79.0,No,Yes,Postgraduate,71.3,Good,Pass
STU2202,Student_1202,Female,17,Commerce,1st Year,76.4,5.3,92.8,81.8,72.2,85.9,Yes,Yes,Postgraduate,82.3,Excellent,Pass
STU2203,Student_1203,Female,16,English,1st Year,72.7,4.3,88.2,72.1,63.5,93.7,No,Yes,Higher Secondary,74.6,Good,Pass
STU2204,Student_1204,Female,20,Computer Science,2nd Year,95.8,0.8,84.6,42.8,45.9,70.3,Yes,Yes,Higher Secondary,57.8,Average,Pass
STU2205,Student_1205,Male,18,English,2nd Year,80.7,3.2,59.6,70.5,68.1,55.9,Yes,Yes,Undergraduate,66.1,Good,Pass
STU2206,Student_1206,Female,16,Commerce,1st Year,74.3,3.2,74.7,68.1,53.4,70.8,Yes,Yes,School,65.4,Good,Pass
STU2207,Student_1207,Male,16,English,3rd Year,100.0,3.9,92.8,81.8,71.1,79.9,No,Yes,Higher Secondary,81.9,Excellent,Pass
STU2208,Student_1208,Female,15,Mathematics,1st Year,75.4,3.5,71.8,100.0,52.3,63.0,No,Yes,Postgraduate,74.7,Good,Pass
STU2209,Student_1209,Male,16,English,2nd Year,93.4,2.7,98.3,77.3,76.1,64.7,No,Yes,Postgraduate,83.9,Excellent,Pass
STU2210,Student_1210,Male,15,Physics,2nd Year,70.5,3.8,85.0,100.0,96.7,47.8,Yes,Yes,Higher Secondary,93.9,Excellent,Pass
STU2211,Student_1211,Male,19,English,3rd Year,78.5,2.8,100.0,62.4,58.4,56.3,No,Yes,Postgraduate,73.6,Good,Pass
STU2212,Student_1212,Female,20,Physics,1st Year,87.0,8.0,59.0,63.3,49.8,77.7,Yes,Yes,School,57.4,Average,Pass
STU2213,Student_1213,Female,15,Computer Science,1st Year,81.4,3.7,72.7,68.5,88.3,84.2,No,Yes,Postgraduate,76.5,Good,Pass
STU2214,Student_1214,Female,18,Commerce,1st Year,84.4,3.5,74.1,78.0,98.3,87.5,No,Yes,Postgraduate,83.5,Excellent,Pass
STU2215,Student_1215,Female,21,Information Technology,2nd Year,76.6,6.3,84.1,63.0,50.1,100.0,No,Yes,Higher Secondary,65.7,Good,Pass
STU2216,Student_1216,Male,20,Information Technology,1st Year,66.0,1.5,63.9,49.4,68.5,93.3,No,Yes,School,60.6,Average,Pass
STU2217,Student_1217,Female,15,Commerce,3rd Year,96.7,3.3,50.9,72.3,77.8,68.7,No,Yes,School,67.0,Good,Pass
STU2218,Student_1218,Female,20,Information Technology,2nd Year,77.2,2.1,80.7,56.0,65.8,57.0,No,Yes,Undergraduate,67.5,Good,Pass
STU2219,Student_1219,Male,20,English,2nd Year,84.9,4.5,69.5,87.6,42.0,67.2,No,Yes,School,66.4,Good,Pass
STU2220,Student_1220,Male,20,Computer Science,1st Year,89.0,2.8,67.9,81.0,48.0,62.7,No,Yes,Undergraduate,65.6,Good,Pass
STU2221,Student_1221,Male,19,Computer Science,3rd Year,85.1,4.4,64.6,61.4,49.7,73.5,Yes,Yes,Higher Secondary,58.6,Average,Pass
STU2222,Student_1222,Female,18,Commerce,2nd Year,74.9,4.3,76.9,78.4,53.4,84.4,No,Yes,Postgraduate,69.6,Good,Pass
STU2223,Student_1223,Male,17,Information Technology,2nd Year,93.6,4.7,58.8,64.3,71.4,78.2,No,Yes,School,64.8,Good,Pass
STU2224,Student_1224,Male,17,English,1st Year,87.1,4.3,72.1,71.3,87.6,94.6,Yes,Yes,Undergraduate,77.0,Good,Pass
STU2225,Student_1225,Male,15,Computer Science,1st Year,84.0,3.2,62.6,71.4,48.3,76.9,Yes,Yes,School,60.8,Average,Pass
STU2226,Student_1226,Female,20,Computer Science,3rd Year,83.8,1.4,65.9,67.3,57.4,51.9,No,Yes,Higher Secondary,63.5,Average,Pass
STU2227,Student_1227,Male,15,Mathematics,1st Year,98.8,5.0,80.3,83.6,52.2,62.5,No,Yes,Undergraduate,72.0,Good,Pass
STU2228,Student_1228,Female,19,Mathematics,3rd Year,74.7,5.6,84.8,56.3,74.6,77.0,Yes,Yes,Undergraduate,71.9,Good,Pass
STU2229,Student_1229,Female,19,Computer Science,2nd Year,86.2,2.1,70.4,79.5,56.8,74.4,Yes,Yes,Undergraduate,68.9,Good,Pass
STU2230,Student_1230,Male,16,Commerce,3rd Year,76.7,4.6,89.5,76.3,53.8,90.6,No,Yes,Higher Secondary,73.2,Good,Pass
STU2231,Student_1231,Male,19,Physics,3rd Year,62.6,1.7,60.4,52.3,44.4,71.1,Yes,Yes,Undergraduate,52.4,Average,Pass
STU2232,Student_1232,Female,16,Physics,3rd Year,62.4,3.8,52.2,60.9,91.8,68.4,Yes,Yes,Postgraduate,68.3,Good,Pass
STU2233,Student_1233,Male,18,English,2nd Year,71.9,4.1,55.0,56.7,100.0,47.4,No,Yes,Higher Secondary,70.6,Good,Pass
STU2234,Student_1234,Male,15,Computer Science,1st Year,75.4,2.9,58.9,66.9,71.3,58.9,No,Yes,Postgraduate,65.7,Good,Pass
STU2235,Student_1235,Female,21,Computer Science,2nd Year,100.0,3.6,55.3,72.7,93.8,75.6,Yes,Yes,Postgraduate,73.9,Good,Pass
STU2236,Student_1236,Female,18,Computer Science,1st Year,89.0,4.8,100.0,59.0,60.9,74.1,Yes,Yes,Higher Secondary,73.3,Good,Pass
STU2237,Student_1237,Male,19,Commerce,3rd Year,89.9,3.3,51.7,85.6,70.0,79.9,No,Yes,School,69.1,Good,Pass
STU2238,Student_1238,Female,18,Mathematics,3rd Year,75.6,2.5,89.1,86.8,80.4,77.8,Yes,Yes,Postgraduate,85.4,Excellent,Pass
STU2239,Student_1239,Male,18,Computer Science,3rd Year,82.6,1.7,74.6,89.3,58.0,69.3,Yes,Yes,Higher Secondary,74.0,Good,Pass
STU2240,Student_1240,Male,18,Computer Science,3rd Year,100.0,2.9,78.4,33.9,67.4,56.0,Yes,No,Postgraduate,59.9,Average,Pass
STU2241,Student_1241,Male,19,Information Technology,3rd Year,69.9,1.7,61.4,99.3,65.5,71.0,Yes,Yes,Undergraduate,75.4,Good,Pass
STU2242,Student_1242,Female,21,Commerce,1st Year,86.6,2.9,79.9,74.3,77.0,70.3,Yes,Yes,Postgraduate,77.1,Good,Pass
STU2243,Student_1243,Male,20,English,1st Year,98.1,2.8,61.3,72.7,71.0,91.6,No,Yes,Postgraduate,68.3,Good,Pass
STU2244,Student_1244,Male,18,Computer Science,3rd Year,91.7,4.7,88.8,70.6,58.4,90.9,Yes,Yes,Postgraduate,72.6,Good,Pass
STU2245,Student_1245,Male,16,Information Technology,2nd Year,100.0,3.6,90.1,53.5,65.2,63.8,Yes,Yes,Undergraduate,69.6,Good,Pass
STU2246,Student_1246,Female,19,Physics,2nd Year,84.1,7.3,73.0,77.0,87.8,61.7,Yes,No,Postgraduate,79.3,Excellent,Pass
STU2247,Student_1247,Female,18,English,3rd Year,88.0,0.5,74.0,94.6,78.8,50.7,No,Yes,Higher Secondary,82.5,Excellent,Pass
STU2248,Student_1248,Female,21,Computer Science,1st Year,83.1,4.0,81.5,74.2,77.4,68.5,No,Yes,Postgraduate,77.7,Good,Pass
STU2249,Student_1249,Female,20,Computer Science,2nd Year,87.3,2.8,80.7,56.4,100.0,63.9,Yes,Yes,Higher Secondary,79.0,Good,Pass
STU2250,Student_1250,Female,19,Information Technology,2nd Year,72.8,2.1,90.4,50.6,51.9,100.0,No,Yes,Postgraduate,64.3,Good,Pass
STU2251,Student_1251,Male,17,Commerce,2nd Year,89.9,3.5,89.9,67.9,81.4,54.3,Yes,No,Postgraduate,79.7,Excellent,Pass
STU2252,Student_1252,Female,20,Computer Science,3rd Year,84.9,3.3,74.6,61.6,70.9,71.9,No,Yes,Postgraduate,69.0,Good,Pass
STU2253,Student_1253,Female,16,Physics,2nd Year,82.6,5.1,67.8,81.8,75.5,61.4,Yes,Yes,School,75.0,Good,Pass
STU2254,Student_1254,Female,18,Computer Science,2nd Year,99.5,3.6,87.2,91.2,72.9,71.4,Yes,Yes,School,83.8,Excellent,Pass
STU2255,Student_1255,Male,21,Physics,2nd Year,79.3,2.5,72.7,78.6,58.8,66.0,Yes,Yes,Undergraduate,70.0,Good,Pass
STU2256,Student_1256,Female,17,English,2nd Year,94.1,4.0,76.7,70.8,53.4,83.2,Yes,Yes,Higher Secondary,67.0,Good,Pass
STU2257,Student_1257,Female,21,English,1st Year,95.1,3.2,83.0,70.1,70.0,77.6,No,Yes,Undergraduate,74.4,Good,Pass
STU2258,Student_1258,Male,17,Mathematics,3rd Year,90.6,1.8,89.6,73.0,57.5,82.7,No,Yes,Higher Secondary,73.4,Good,Pass
STU2259,Student_1259,Female,19,Mathematics,3rd Year,72.3,3.1,78.9,55.8,64.1,59.7,No,Yes,Undergraduate,66.3,Good,Pass
STU2260,Student_1260,Male,17,Physics,1st Year,85.6,3.8,66.2,80.4,82.8,87.2,Yes,Yes,Undergraduate,76.5,Good,Pass
STU2261,Student_1261,Male,16,Commerce,1st Year,100.0,3.6,100.0,56.9,50.4,63.8,No,Yes,Postgraduate,69.1,Good,Pass
STU2262,Student_1262,Male,16,Computer Science,3rd Year,63.8,4.0,98.0,87.6,66.9,49.9,Yes,Yes,Postgraduate,84.2,Excellent,Pass
STU2263,Student_1263,Male,15,Computer Science,2nd Year,80.1,2.7,59.7,66.9,86.9,68.3,No,Yes,Postgraduate,71.2,Good,Pass
STU2264,Student_1264,Male,16,Mathematics,2nd Year,93.6,4.0,61.3,83.6,61.9,72.7,Yes,Yes,Postgraduate,68.9,Good,Pass
STU2265,Student_1265,Female,20,Physics,3rd Year,80.8,3.7,63.2,51.4,93.5,52.3,Yes,Yes,Postgraduate,69.4,Good,Pass
STU2266,Student_1266,Male,17,Computer Science,2nd Year,90.1,3.7,87.7,83.5,45.2,84.1,No,Yes,Undergraduate,72.1,Good,Pass
STU2267,Student_1267,Male,16,Computer Science,1st Year,96.1,3.5,100.0,91.1,99.1,58.8,No,Yes,Higher Secondary,96.7,Excellent,Pass
STU2268,Student_1268,Female,19,Commerce,2nd Year,84.3,6.8,67.4,54.1,70.3,58.2,No,No,School,63.9,Average,Pass
STU2269,Student_1269,Male,21,Information Technology,2nd Year,87.1,5.2,77.5,70.4,48.7,71.0,Yes,Yes,School,65.5,Good,Pass
STU2270,Student_1270,Female,21,Mathematics,2nd Year,82.9,3.9,63.7,76.7,83.3,83.9,Yes,Yes,Higher Secondary,74.6,Good,Pass
STU2271,Student_1271,Female,15,Mathematics,3rd Year,85.0,2.3,100.0,77.4,76.9,52.8,Yes,Yes,School,84.8,Excellent,Pass
STU2272,Student_1272,Female,21,Information Technology,1st Year,100.0,3.1,87.4,67.2,92.1,85.1,No,No,Undergraduate,82.2,Excellent,Pass
STU2273,Student_1273,Male,17,Computer Science,2nd Year,81.4,5.9,62.6,64.8,45.4,38.6,No,Yes,Higher Secondary,57.6,Average,Pass
STU2274,Student_1274,Male,15,Commerce,3rd Year,78.5,2.7,43.5,75.5,52.5,76.0,Yes,Yes,Higher Secondary,57.2,Average,Pass
STU2275,Student_1275,Male,17,Commerce,2nd Year,92.4,3.3,90.6,76.9,82.3,54.1,Yes,Yes,School,83.3,Excellent,Pass
STU2276,Student_1276,Female,19,Mathematics,1st Year,73.6,3.2,66.4,63.2,100.0,59.0,No,No,School,76.5,Good,Pass
STU2277,Student_1277,Male,15,Commerce,2nd Year,75.9,4.1,87.6,60.4,79.2,97.1,Yes,Yes,Undergraduate,75.7,Good,Pass
STU2278,Student_1278,Male,18,English,1st Year,75.9,2.8,79.4,89.0,81.7,56.2,Yes,Yes,Postgraduate,83.4,Excellent,Pass
STU2279,Student_1279,Male,20,Information Technology,2nd Year,79.4,3.8,47.5,73.5,57.8,70.2,No,Yes,Higher Secondary,59.6,Average,Pass
STU2280,Student_1280,Female,20,Computer Science,1st Year,79.9,2.9,62.9,40.2,67.1,55.0,Yes,No,Postgraduate,56.7,Average,Pass
STU2281,Student_1281,Female,17,English,2nd Year,89.0,5.5,69.7,89.0,60.1,82.5,No,Yes,School,72.9,Good,Pass
STU2282,Student_1282,Male,21,Information Technology,1st Year,78.6,2.5,64.9,63.6,78.0,77.1,No,Yes,Higher Secondary,68.8,Good,Pass
STU2283,Student_1283,Male,18,Physics,2nd Year,89.4,5.0,76.7,72.9,84.9,79.2,Yes,Yes,Postgraduate,78.2,Good,Pass
STU2284,Student_1284,Male,15,Mathematics,2nd Year,90.6,2.6,81.0,77.2,73.0,88.0,Yes,Yes,Undergraduate,77.1,Good,Pass
STU2285,Student_1285,Male,18,Commerce,3rd Year,75.5,2.2,100.0,51.2,82.7,65.9,Yes,Yes,Undergraduate,78.0,Good,Pass
STU2286,Student_1286,Female,18,Physics,3rd Year,90.4,2.4,82.1,68.0,69.5,87.1,Yes,Yes,Undergraduate,73.2,Good,Pass
STU2287,Student_1287,Female,21,Commerce,1st Year,91.3,0.9,97.4,90.4,91.2,93.3,No,No,Higher Secondary,93.0,Excellent,Pass
STU2288,Student_1288,Female,15,English,2nd Year,64.4,4.2,67.8,87.3,56.2,75.3,Yes,Yes,Higher Secondary,70.4,Good,Pass
STU2289,Student_1289,Female,19,Computer Science,1st Year,84.9,1.8,92.5,67.9,92.7,54.4,No,No,Higher Secondary,84.4,Excellent,Pass
STU2290,Student_1290,Male,21,Computer Science,3rd Year,76.9,3.0,69.3,82.0,58.5,52.9,No,Yes,Higher Secondary,69.9,Good,Pass
STU2291,Student_1291,Male,18,Computer Science,1st Year,95.0,4.6,61.2,83.9,70.3,77.6,No,Yes,Higher Secondary,71.8,Good,Pass
STU2292,Student_1292,Male,18,Commerce,1st Year,76.8,4.6,60.6,83.2,50.9,54.4,No,Yes,Postgraduate,64.9,Good,Pass
STU2293,Student_1293,Female,19,Physics,3rd Year,68.6,1.4,35.4,56.0,78.1,50.8,No,Yes,Postgraduate,56.5,Average,Pass
STU2294,Student_1294,Male,18,Computer Science,2nd Year,81.7,4.0,87.8,95.0,72.1,84.3,No,Yes,Undergraduate,85.0,Excellent,Pass
STU2295,Student_1295,Female,18,Physics,1st Year,73.0,5.2,55.6,65.5,81.8,64.1,No,Yes,Postgraduate,67.6,Good,Pass
STU2296,Student_1296,Female,18,Commerce,3rd Year,90.5,2.5,96.1,73.5,42.3,100.0,Yes,No,Postgraduate,70.6,Good,Pass
STU2297,Student_1297,Male,20,English,2nd Year,73.9,4.3,72.4,67.1,72.1,61.1,No,Yes,Undergraduate,70.5,Good,Pass
STU2298,Student_1298,Male,21,Physics,3rd Year,81.8,1.8,51.7,75.2,76.5,63.5,No,Yes,Undergraduate,67.8,Good,Pass
STU2299,Student_1299,Male,16,English,1st Year,97.5,4.1,58.2,59.9,54.2,76.4,No,Yes,School,57.4,Average,Pass
STU2300,Student_1300,Female,21,Commerce,2nd Year,93.0,3.7,77.9,68.8,78.5,74.1,No,Yes,Undergraduate,75.1,Good,Pass
STU2301,Student_1301,Male,19,Commerce,2nd Year,86.8,4.5,46.8,74.6,33.2,69.7,No,Yes,Postgraduate,51.5,Average,Pass
STU2302,Student_1302,Female,18,Mathematics,3rd Year,80.7,4.4,83.8,89.1,68.0,69.4,No,Yes,Higher Secondary,80.3,Excellent,Pass
STU2303,Student_1303,Male,21,Commerce,3rd Year,85.8,1.5,52.3,87.5,92.6,100.0,Yes,Yes,Undergraduate,77.5,Good,Pass
STU2304,Student_1304,Female,20,Commerce,3rd Year,88.9,3.7,63.9,88.2,67.8,95.9,No,Yes,School,73.3,Good,Pass
STU2305,Student_1305,Female,19,Information Technology,2nd Year,72.1,5.7,78.0,84.2,58.5,83.7,No,No,Postgraduate,73.6,Good,Pass
STU2306,Student_1306,Male,17,Computer Science,2nd Year,90.5,0.5,82.0,97.9,69.0,52.6,No,Yes,School,83.0,Excellent,Pass
STU2307,Student_1307,Female,21,Mathematics,1st Year,71.0,5.0,87.0,67.9,71.6,69.9,No,No,School,75.5,Good,Pass
STU2308,Student_1308,Female,17,Mathematics,2nd Year,87.7,5.9,55.4,69.8,84.3,80.9,Yes,Yes,Postgraduate,69.8,Good,Pass
STU2309,Student_1309,Male,18,Mathematics,1st Year,70.9,1.3,70.4,69.2,72.1,82.2,Yes,Yes,School,70.6,Good,Pass
STU2310,Student_1310,Female,20,Information Technology,3rd Year,100.0,2.5,91.4,71.1,82.2,90.2,No,Yes,Postgraduate,81.6,Excellent,Pass
STU2311,Student_1311,Male,20,English,3rd Year,89.6,4.3,70.4,51.9,71.5,61.4,Yes,Yes,School,64.6,Good,Pass
STU2312,Student_1312,Female,21,Commerce,2nd Year,66.4,2.2,79.4,75.7,58.0,70.4,No,Yes,Higher Secondary,71.0,Good,Pass
STU2313,Student_1313,Male,19,Computer Science,3rd Year,82.0,5.5,77.4,78.9,47.6,59.7,Yes,Yes,Undergraduate,68.0,Good,Pass
STU2314,Student_1314,Male,19,Physics,3rd Year,76.8,5.1,94.5,68.4,75.9,91.0,Yes,Yes,Higher Secondary,79.6,Excellent,Pass
STU2315,Student_1315,Female,20,English,2nd Year,75.6,1.4,68.0,47.4,30.5,81.5,Yes,Yes,Higher Secondary,48.6,Low,Fail
STU2316,Student_1316,Female,19,Commerce,1st Year,83.5,2.4,54.2,72.3,41.8,63.4,No,Yes,School,56.1,Average,Pass
STU2317,Student_1317,Female,20,Information Technology,2nd Year,72.7,4.7,60.5,53.9,47.6,74.4,Yes,Yes,Undergraduate,54.0,Average,Pass
STU2318,Student_1318,Female,21,Commerce,1st Year,89.6,4.6,77.8,78.0,81.4,71.8,Yes,Yes,Undergraduate,79.1,Excellent,Pass
STU2319,Student_1319,Female,16,Commerce,2nd Year,89.0,6.8,51.5,73.7,46.2,57.8,Yes,Yes,Undergraduate,57.1,Average,Pass
STU2320,Student_1320,Male,20,Information Technology,2nd Year,85.5,2.2,66.8,75.0,77.5,85.0,No,Yes,School,73.1,Good,Pass
STU2321,Student_1321,Female,17,Mathematics,3rd Year,81.8,5.7,76.1,57.1,53.5,72.2,No,Yes,Higher Secondary,62.2,Average,Pass
STU2322,Student_1322,Male,19,Mathematics,2nd Year,88.6,2.1,63.5,89.7,67.7,63.1,Yes,Yes,Postgraduate,73.6,Good,Pass
STU2323,Student_1323,Male,20,Computer Science,2nd Year,89.9,4.3,79.9,74.4,69.0,57.5,No,Yes,Postgraduate,74.4,Good,Pass
STU2324,Student_1324,Female,20,Computer Science,1st Year,86.5,4.8,85.9,59.2,67.4,83.8,Yes,Yes,Postgraduate,70.8,Good,Pass
STU2325,Student_1325,Male,21,Mathematics,3rd Year,68.9,0.5,81.8,80.1,59.7,75.0,Yes,Yes,Undergraduate,73.9,Good,Pass
STU2326,Student_1326,Male,19,English,1st Year,74.1,4.9,51.8,73.4,44.9,60.6,No,Yes,Postgraduate,56.7,Average,Pass
STU2327,Student_1327,Male,16,Physics,1st Year,79.3,5.6,76.2,97.7,70.4,63.5,Yes,Yes,Higher Secondary,81.4,Excellent,Pass
STU2328,Student_1328,Male,21,Commerce,3rd Year,67.2,5.1,77.4,64.3,78.9,71.1,Yes,Yes,Postgraduate,73.5,Good,Pass
STU2329,Student_1329,Female,16,Physics,3rd Year,84.2,6.6,69.3,54.5,80.9,72.0,Yes,Yes,Undergraduate,68.2,Good,Pass
STU2330,Student_1330,Male,21,Commerce,3rd Year,96.1,4.9,79.7,76.1,71.3,73.9,No,Yes,Undergraduate,75.7,Good,Pass
STU2331,Student_1331,Female,19,Mathematics,2nd Year,94.5,2.7,79.2,86.2,74.1,44.5,No,Yes,Postgraduate,79.8,Excellent,Pass
STU2332,Student_1332,Female,15,Computer Science,3rd Year,89.4,5.4,73.6,100.0,57.7,72.8,No,No,Undergraduate,77.1,Good,Pass
STU2333,Student_1333,Male,19,English,3rd Year,89.3,2.6,59.9,100.0,77.2,52.7,No,Yes,Postgraduate,79.0,Good,Pass
STU2334,Student_1334,Female,19,Computer Science,3rd Year,100.0,3.6,74.6,50.3,76.6,92.3,Yes,No,Undergraduate,67.2,Good,Pass
STU2335,Student_1335,Female,16,Physics,1st Year,90.4,4.7,100.0,70.1,65.2,86.6,No,Yes,School,78.4,Good,Pass
STU2336,Student_1336,Female,16,Computer Science,1st Year,91.3,4.2,69.1,54.6,70.8,88.4,Yes,Yes,School,64.8,Good,Pass
STU2337,Student_1337,Male,19,Mathematics,2nd Year,67.6,5.5,90.7,68.5,69.6,34.1,No,Yes,Higher Secondary,76.3,Good,Pass
STU2338,Student_1338,Female,19,English,1st Year,95.3,7.2,75.6,100.0,77.3,66.5,No,Yes,School,84.3,Excellent,Pass
STU2339,Student_1339,Female,19,Physics,2nd Year,86.0,1.8,63.0,60.5,45.3,69.8,Yes,Yes,Postgraduate,56.3,Average,Pass
STU2340,Student_1340,Female,16,English,1st Year,81.2,3.0,70.6,71.7,45.0,79.6,Yes,Yes,Undergraduate,62.4,Average,Pass
STU2341,Student_1341,Male,19,Commerce,3rd Year,78.7,4.0,74.7,63.9,45.8,84.5,No,Yes,Higher Secondary,61.5,Average,Pass
STU2342,Student_1342,Female,19,Computer Science,1st Year,76.5,2.8,84.8,58.0,62.9,90.3,Yes,Yes,Postgraduate,68.6,Good,Pass
STU2343,Student_1343,Male,18,English,2nd Year,94.6,3.4,100.0,97.1,77.3,36.3,Yes,Yes,Postgraduate,91.5,Excellent,Pass
STU2344,Student_1344,Male,15,Information Technology,1st Year,81.7,4.7,75.8,50.5,34.1,59.0,Yes,Yes,Higher Secondary,53.5,Average,Pass
STU2345,Student_1345,Male,17,Computer Science,3rd Year,76.9,4.5,56.5,70.8,71.5,71.9,No,Yes,Higher Secondary,66.3,Good,Pass
STU2346,Student_1346,Male,15,Commerce,2nd Year,74.3,3.9,50.2,73.2,89.1,83.4,No,Yes,Postgraduate,70.8,Good,Pass
STU2347,Student_1347,Male,18,English,3rd Year,83.7,3.7,68.7,71.5,74.4,83.0,No,No,Undergraduate,71.5,Good,Pass
STU2348,Student_1348,Male,17,Physics,3rd Year,78.4,3.2,58.1,67.6,37.7,78.1,No,No,Postgraduate,54.5,Average,Pass
STU2349,Student_1349,Female,21,Commerce,2nd Year,76.1,5.6,83.4,94.6,78.3,61.4,No,Yes,Undergraduate,85.4,Excellent,Pass
STU2350,Student_1350,Male,19,Information Technology,3rd Year,68.2,6.0,83.5,42.4,73.9,63.4,Yes,Yes,Higher Secondary,66.6,Good,Pass
STU2351,Student_1351,Female,18,English,3rd Year,91.6,5.0,72.8,78.1,64.5,61.6,Yes,Yes,Postgraduate,71.8,Good,Pass
STU2352,Student_1352,Female,21,Mathematics,1st Year,80.6,1.8,84.9,78.7,72.9,56.3,No,Yes,School,78.8,Good,Pass
STU2353,Student_1353,Male,19,Computer Science,3rd Year,71.1,3.1,76.0,76.0,47.7,56.1,No,No,Postgraduate,66.6,Good,Pass
STU2354,Student_1354,Female,16,Physics,3rd Year,79.3,3.8,100.0,60.4,70.8,54.6,No,No,Undergraduate,77.1,Good,Pass
STU2355,Student_1355,Female,20,Mathematics,3rd Year,87.5,2.1,84.4,88.9,77.7,76.0,No,Yes,Postgraduate,83.7,Excellent,Pass
STU2356,Student_1356,Female,18,English,3rd Year,82.3,3.6,88.4,88.2,58.9,72.9,No,Yes,Undergraduate,78.5,Good,Pass
STU2357,Student_1357,Female,16,English,2nd Year,83.9,3.5,53.3,59.9,62.5,57.1,No,No,School,58.6,Average,Pass
STU2358,Student_1358,Male,18,Commerce,1st Year,82.4,5.1,57.4,55.2,60.9,45.3,Yes,Yes,Higher Secondary,57.8,Average,Pass
STU2359,Student_1359,Female,18,English,3rd Year,69.2,2.8,82.2,52.5,62.4,65.5,Yes,Yes,School,65.7,Good,Pass
STU2360,Student_1360,Male,16,Physics,3rd Year,91.5,5.2,51.8,75.2,56.7,93.2,No,No,Undergraduate,61.2,Average,Pass
STU2361,Student_1361,Female,17,Mathematics,2nd Year,64.9,2.1,65.6,72.7,57.7,71.1,Yes,Yes,Higher Secondary,65.3,Good,Pass
STU2362,Student_1362,Female,15,Physics,3rd Year,86.6,2.3,92.7,66.9,78.3,83.0,No,No,Higher Secondary,79.3,Excellent,Pass
STU2363,Student_1363,Male,19,Information Technology,2nd Year,88.2,2.9,65.3,100.0,42.1,73.7,Yes,Yes,Postgraduate,69.1,Good,Pass
STU2364,Student_1364,Female,18,Information Technology,1st Year,79.8,3.6,56.9,65.5,72.9,70.1,No,Yes,School,65.1,Good,Pass
STU2365,Student_1365,Female,19,Computer Science,1st Year,85.5,0.5,85.0,74.6,78.2,48.9,No,Yes,Undergraduate,79.3,Excellent,Pass
STU2366,Student_1366,Female,20,Computer Science,3rd Year,79.2,4.2,100.0,69.3,48.4,64.9,No,Yes,Undergraduate,72.6,Good,Pass
STU2367,Student_1367,Male,16,Information Technology,3rd Year,85.7,6.1,62.9,99.5,68.8,63.0,Yes,Yes,Higher Secondary,77.1,Good,Pass
STU2368,Student_1368,Female,19,English,3rd Year,91.9,4.5,93.4,44.1,55.3,93.2,No,No,Postgraduate,64.3,Good,Pass
STU2369,Student_1369,Male,16,Physics,2nd Year,74.1,3.2,61.0,67.7,88.2,73.7,Yes,No,Undergraduate,72.3,Good,Pass
STU2370,Student_1370,Female,19,Information Technology,3rd Year,88.7,1.9,73.3,80.6,66.7,90.2,No,Yes,Postgraduate,73.5,Good,Pass
STU2371,Student_1371,Male,15,Computer Science,3rd Year,98.9,0.8,74.0,68.9,93.6,87.9,No,Yes,Higher Secondary,78.8,Good,Pass
STU2372,Student_1372,Male,15,Information Technology,1st Year,84.6,1.0,63.3,53.7,91.2,58.3,Yes,Yes,Higher Secondary,69.4,Good,Pass
STU2373,Student_1373,Female,15,English,3rd Year,77.0,3.3,88.1,74.5,74.9,71.0,No,Yes,Higher Secondary,79.2,Excellent,Pass
STU2374,Student_1374,Female,15,Information Technology,1st Year,100.0,6.7,51.9,49.3,100.0,96.3,No,Yes,Postgraduate,67.1,Good,Pass
STU2375,Student_1375,Male,15,Physics,3rd Year,82.9,0.5,77.9,81.4,44.8,79.4,No,Yes,Undergraduate,68.0,Good,Pass
STU2376,Student_1376,Male,15,Mathematics,1st Year,84.3,4.6,91.1,66.2,93.1,78.5,No,Yes,School,83.5,Excellent,Pass
STU2377,Student_1377,Female,16,English,3rd Year,84.5,2.5,86.9,63.9,65.7,84.7,No,No,Postgraduate,72.2,Good,Pass
STU2378,Student_1378,Male,18,Computer Science,1st Year,86.5,3.0,82.4,86.6,68.0,78.2,Yes,Yes,Higher Secondary,79.0,Good,Pass
STU2379,Student_1379,Female,19,Physics,2nd Year,78.6,2.1,98.8,58.0,62.6,79.2,No,Yes,School,73.1,Good,Pass
STU2380,Student_1380,Female,15,Information Technology,1st Year,83.9,1.4,71.7,50.4,46.8,75.5,No,Yes,School,56.3,Average,Pass
STU2381,Student_1381,Female,16,Information Technology,1st Year,91.5,3.7,52.1,59.3,79.1,65.9,Yes,Yes,School,63.5,Average,Pass
STU2382,Student_1382,Female,16,Mathematics,1st Year,78.3,3.9,77.0,100.0,50.1,55.1,No,No,School,75.7,Good,Pass
STU2383,Student_1383,Male,16,Computer Science,3rd Year,77.8,4.5,73.1,57.9,60.5,43.1,No,Yes,School,63.8,Average,Pass
STU2384,Student_1384,Female,18,Computer Science,3rd Year,79.1,1.0,43.3,77.1,61.3,66.1,No,No,Higher Secondary,60.6,Average,Pass
STU2385,Student_1385,Male,19,Commerce,3rd Year,71.0,4.8,58.1,83.8,85.9,77.5,Yes,Yes,Undergraduate,75.9,Good,Pass
STU2386,Student_1386,Female,18,Computer Science,2nd Year,75.2,4.8,56.2,58.8,68.8,74.6,Yes,Yes,School,61.3,Average,Pass
STU2387,Student_1387,Male,17,Mathematics,2nd Year,74.8,4.1,62.8,58.9,30.9,80.5,Yes,Yes,Undergraduate,50.9,Average,Pass
STU2388,Student_1388,Female,21,Commerce,1st Year,82.0,2.9,69.7,74.5,55.6,69.1,No,No,Undergraduate,66.6,Good,Pass
STU2389,Student_1389,Male,16,Commerce,2nd Year,90.4,4.0,70.3,75.2,45.0,100.0,No,Yes,Postgraduate,63.5,Average,Pass
STU2390,Student_1390,Male,17,Information Technology,1st Year,96.5,3.3,63.3,90.9,78.0,100.0,Yes,Yes,Higher Secondary,77.4,Good,Pass
STU2391,Student_1391,Female,20,Information Technology,1st Year,82.6,5.0,56.2,61.2,51.1,48.2,Yes,Yes,School,56.2,Average,Pass
STU2392,Student_1392,Female,15,Computer Science,1st Year,86.6,3.0,80.7,66.7,60.3,80.8,No,Yes,Undergraduate,69.2,Good,Pass
STU2393,Student_1393,Female,21,Commerce,2nd Year,84.4,3.7,76.7,100.0,98.0,85.5,Yes,Yes,Postgraduate,91.6,Excellent,Pass
STU2394,Student_1394,Female,15,Information Technology,3rd Year,61.1,0.9,77.2,46.9,80.2,39.2,Yes,No,Undergraduate,68.1,Good,Pass
STU2395,Student_1395,Male,18,Mathematics,2nd Year,70.5,4.0,100.0,44.0,51.4,73.5,No,No,School,65.1,Good,Pass
STU2396,Student_1396,Female,21,Information Technology,1st Year,89.6,2.4,77.4,52.6,83.2,78.8,No,Yes,Higher Secondary,71.1,Good,Pass
STU2397,Student_1397,Male,19,English,1st Year,90.6,4.3,69.5,87.4,58.5,70.9,No,Yes,Higher Secondary,71.8,Good,Pass
STU2398,Student_1398,Male,17,English,2nd Year,90.4,4.7,73.4,65.9,83.2,76.8,No,Yes,School,74.2,Good,Pass
STU2399,Student_1399,Female,19,Information Technology,1st Year,80.2,2.6,76.5,65.9,63.4,72.2,Yes,Yes,Undergraduate,68.6,Good,Pass
STU2400,Student_1400,Male,18,Commerce,1st Year,62.1,3.5,84.2,58.5,54.6,81.5,No,Yes,Postgraduate,65.8,Good,Pass
STU2401,Student_1401,Male,15,Commerce,2nd Year,71.7,3.8,74.3,84.9,53.1,94.2,Yes,Yes,Higher Secondary,70.8,Good,Pass
STU2402,Student_1402,Male,21,Physics,2nd Year,73.2,4.1,45.9,52.9,74.6,82.6,Yes,Yes,Higher Secondary,57.8,Average,Pass
STU2403,Student_1403,Male,19,English,2nd Year,88.3,4.7,68.4,63.9,84.6,88.6,Yes,Yes,Undergraduate,72.3,Good,Pass
STU2404,Student_1404,Female,19,Mathematics,1st Year,78.4,4.5,75.0,59.0,76.0,55.1,Yes,Yes,Undergraduate,70.0,Good,Pass
STU2405,Student_1405,Female,15,Commerce,1st Year,98.9,2.9,94.6,34.6,63.1,100.0,Yes,Yes,Undergraduate,64.1,Good,Pass
STU2406,Student_1406,Female,21,Computer Science,3rd Year,96.7,5.9,63.2,65.3,41.2,75.7,No,Yes,Postgraduate,56.6,Average,Pass
STU2407,Student_1407,Female,17,English,3rd Year,98.7,4.6,50.5,71.2,59.8,65.1,No,Yes,Undergraduate,60.5,Average,Pass
STU2408,Student_1408,Male,15,Mathematics,2nd Year,72.8,5.6,76.0,61.1,50.0,77.2,Yes,Yes,Postgraduate,62.4,Average,Pass
STU2409,Student_1409,Male,19,Mathematics,3rd Year,86.9,4.0,88.0,68.2,91.9,62.8,No,Yes,School,82.7,Excellent,Pass
STU2410,Student_1410,Female,17,Commerce,1st Year,77.2,4.1,69.1,68.6,63.6,73.1,No,Yes,Postgraduate,67.1,Good,Pass
STU2411,Student_1411,Female,17,Mathematics,3rd Year,85.3,3.3,100.0,70.1,74.8,75.5,Yes,Yes,Undergraduate,81.6,Excellent,Pass
STU2412,Student_1412,Female,15,Commerce,1st Year,73.9,2.8,100.0,57.2,64.5,60.7,Yes,Yes,Postgraduate,73.9,Good,Pass
STU2413,Student_1413,Male,19,Information Technology,2nd Year,94.3,5.0,73.9,56.4,76.9,73.3,Yes,Yes,Postgraduate,69.1,Good,Pass
STU2414,Student_1414,Female,18,English,2nd Year,74.1,3.9,77.8,72.7,81.5,60.5,Yes,Yes,Postgraduate,77.3,Good,Pass
STU2415,Student_1415,Female,19,Physics,1st Year,62.5,3.3,95.5,51.3,100.0,60.4,No,Yes,Higher Secondary,82.3,Excellent,Pass
STU2416,Student_1416,Female,16,Information Technology,3rd Year,100.0,2.0,73.7,69.0,62.7,55.8,Yes,Yes,Undergraduate,68.5,Good,Pass
STU2417,Student_1417,Male,21,English,2nd Year,86.4,5.8,62.9,94.9,86.7,65.4,Yes,Yes,Postgraduate,81.5,Excellent,Pass
STU2418,Student_1418,Male,20,Commerce,2nd Year,71.3,3.7,88.3,71.5,74.4,62.7,Yes,Yes,Undergraduate,78.1,Good,Pass
STU2419,Student_1419,Male,18,English,3rd Year,80.4,1.7,82.0,46.4,60.8,78.1,No,Yes,School,63.1,Average,Pass
STU2420,Student_1420,Male,17,Commerce,3rd Year,76.2,3.6,62.9,74.5,61.9,87.4,Yes,Yes,Postgraduate,66.4,Good,Pass
STU2421,Student_1421,Male,18,Information Technology,1st Year,82.1,3.2,79.2,83.5,77.5,80.9,No,Yes,Postgraduate,80.1,Excellent,Pass
STU2422,Student_1422,Male,21,Computer Science,3rd Year,90.0,3.1,72.6,60.9,65.3,85.6,Yes,Yes,School,66.3,Good,Pass
STU2423,Student_1423,Male,17,Computer Science,3rd Year,88.5,4.4,69.2,67.8,71.7,84.3,No,Yes,Undergraduate,69.6,Good,Pass
STU2424,Student_1424,Male,21,English,3rd Year,84.5,3.2,63.2,59.7,80.6,57.1,No,Yes,School,67.8,Good,Pass
STU2425,Student_1425,Female,17,Computer Science,1st Year,82.1,3.0,76.8,65.5,100.0,66.0,No,Yes,School,80.8,Excellent,Pass
STU2426,Student_1426,Female,18,Commerce,1st Year,92.8,5.5,71.0,62.7,70.5,97.7,No,Yes,School,68.1,Good,Pass
STU2427,Student_1427,Male,17,Mathematics,2nd Year,62.7,0.9,79.3,78.1,51.9,62.8,No,Yes,School,69.8,Good,Pass
STU2428,Student_1428,Male,17,Commerce,1st Year,74.5,3.4,87.3,95.2,76.4,98.8,No,Yes,Undergraduate,86.3,Excellent,Pass
STU2429,Student_1429,Female,16,Mathematics,2nd Year,72.2,4.9,78.5,72.8,62.3,64.7,No,Yes,Postgraduate,71.2,Good,Pass
STU2430,Student_1430,Male,19,Information Technology,3rd Year,92.1,4.4,78.7,50.4,100.0,40.3,Yes,Yes,School,76.4,Good,Pass
STU2431,Student_1431,Male,19,Physics,2nd Year,74.6,5.0,66.9,100.0,62.0,67.3,No,Yes,School,76.3,Good,Pass
STU2432,Student_1432,Male,20,Mathematics,2nd Year,69.1,6.5,92.6,80.2,70.3,83.7,No,No,Higher Secondary,81.0,Excellent,Pass
STU2433,Student_1433,Female,20,Computer Science,3rd Year,87.5,6.0,62.3,83.0,80.0,96.0,Yes,Yes,Undergraduate,75.1,Good,Pass
STU2434,Student_1434,Female,16,Commerce,2nd Year,72.9,1.8,50.8,71.1,77.9,48.8,No,Yes,School,66.6,Good,Pass
STU2435,Student_1435,Female,20,Information Technology,1st Year,78.5,1.1,58.9,75.3,92.2,83.4,No,Yes,Higher Secondary,75.5,Good,Pass
STU2436,Student_1436,Female,21,Computer Science,1st Year,100.0,4.0,90.5,67.2,80.7,84.4,No,Yes,School,79.5,Excellent,Pass
STU2437,Student_1437,Female,18,Information Technology,1st Year,89.9,1.5,81.9,84.7,100.0,90.5,No,Yes,Undergraduate,88.9,Excellent,Pass
STU2438,Student_1438,Male,15,Physics,1st Year,79.9,0.6,94.7,65.3,77.2,30.9,No,Yes,Higher Secondary,79.1,Excellent,Pass
STU2439,Student_1439,Female,21,Commerce,2nd Year,80.8,4.0,55.2,78.9,90.8,95.9,Yes,Yes,Higher Secondary,75.0,Good,Pass
STU2440,Student_1440,Male,15,English,2nd Year,91.1,4.4,100.0,85.6,62.5,77.6,Yes,Yes,Undergraduate,82.7,Excellent,Pass
STU2441,Student_1441,Male,15,Commerce,3rd Year,88.6,6.1,70.7,89.4,100.0,77.9,No,Yes,Higher Secondary,86.7,Excellent,Pass
STU2442,Student_1442,Female,16,Physics,2nd Year,82.8,4.7,48.6,86.4,64.4,86.6,No,Yes,Higher Secondary,66.5,Good,Pass
STU2443,Student_1443,Female,21,Commerce,2nd Year,83.0,6.4,100.0,57.7,93.8,40.9,No,Yes,School,83.8,Excellent,Pass
STU2444,Student_1444,Male,16,English,2nd Year,67.2,4.0,55.3,94.0,84.3,86.2,Yes,Yes,Higher Secondary,77.9,Good,Pass
STU2445,Student_1445,Male,17,Mathematics,3rd Year,65.1,1.8,69.0,81.3,71.1,100.0,Yes,Yes,Postgraduate,73.8,Good,Pass
STU2446,Student_1446,Male,15,Information Technology,1st Year,80.2,4.7,71.9,76.3,93.9,50.5,No,Yes,Undergraduate,80.7,Excellent,Pass
STU2447,Student_1447,Female,18,English,2nd Year,75.7,5.5,81.7,77.9,69.8,70.0,Yes,Yes,School,76.5,Good,Pass
STU2448,Student_1448,Female,20,Computer Science,3rd Year,87.9,4.1,63.1,69.8,91.9,71.6,No,Yes,Higher Secondary,74.9,Good,Pass
STU2449,Student_1449,Female,18,Physics,3rd Year,84.0,5.7,90.6,65.5,76.0,76.3,Yes,Yes,Postgraduate,77.4,Good,Pass
STU2450,Student_1450,Female,20,Mathematics,3rd Year,74.3,3.3,86.3,66.8,64.0,77.4,Yes,Yes,School,72.4,Good,Pass
STU2451,Student_1451,Female,15,Computer Science,1st Year,83.6,4.3,75.3,90.0,75.1,60.9,Yes,Yes,Undergraduate,80.1,Excellent,Pass
STU2452,Student_1452,Male,15,Computer Science,2nd Year,77.8,3.2,94.9,73.1,70.5,71.6,Yes,Yes,Higher Secondary,79.5,Excellent,Pass
STU2453,Student_1453,Female,15,Physics,3rd Year,100.0,7.1,74.0,75.9,62.9,97.2,No,Yes,Undergraduate,70.9,Good,Pass
STU2454,Student_1454,Male,16,Mathematics,1st Year,85.9,4.8,70.9,72.8,73.7,77.1,Yes,Yes,Undergraduate,72.5,Good,Pass
STU2455,Student_1455,Male,21,Computer Science,3rd Year,66.4,1.8,100.0,62.6,76.5,76.5,Yes,Yes,Higher Secondary,79.7,Excellent,Pass
STU2456,Student_1456,Male,20,Computer Science,3rd Year,100.0,6.3,79.4,41.9,30.7,60.3,No,Yes,Higher Secondary,50.7,Average,Pass
STU2457,Student_1457,Female,21,Mathematics,3rd Year,75.7,2.4,60.2,82.8,78.0,91.1,No,Yes,School,73.7,Good,Pass
STU2458,Student_1458,Female,16,Commerce,3rd Year,72.3,3.5,62.2,81.3,81.9,67.7,No,Yes,Undergraduate,75.1,Good,Pass
STU2459,Student_1459,Female,16,Computer Science,3rd Year,100.0,4.2,75.3,71.8,93.2,40.2,Yes,Yes,Higher Secondary,80.1,Excellent,Pass
STU2460,Student_1460,Male,19,Information Technology,1st Year,85.5,4.3,39.0,56.7,50.2,77.3,Yes,Yes,Undergraduate,48.6,Low,Fail
STU2461,Student_1461,Male,18,Mathematics,2nd Year,89.0,4.2,65.5,97.5,53.7,81.6,No,Yes,Higher Secondary,72.2,Good,Pass
STU2462,Student_1462,Male,18,Computer Science,2nd Year,89.3,1.8,73.5,67.2,73.3,66.5,No,No,Undergraduate,71.3,Good,Pass
STU2463,Student_1463,Male,17,Physics,2nd Year,79.9,4.2,72.5,75.5,58.6,37.5,Yes,Yes,School,68.9,Good,Pass
STU2464,Student_1464,Male,16,English,2nd Year,76.3,5.2,56.1,62.2,51.0,54.3,Yes,Yes,Undergraduate,56.4,Average,Pass
STU2465,Student_1465,Male,20,Information Technology,1st Year,77.9,5.1,68.3,53.1,63.4,69.3,No,Yes,Higher Secondary,61.6,Average,Pass
STU2466,Student_1466,Female,19,English,1st Year,98.1,1.5,92.7,80.3,64.2,65.1,No,Yes,Postgraduate,79.1,Excellent,Pass
STU2467,Student_1467,Female,19,English,1st Year,84.0,2.5,89.6,51.0,53.7,77.6,No,Yes,School,64.8,Good,Pass
STU2468,Student_1468,Female,21,Computer Science,3rd Year,95.1,1.9,76.4,75.2,53.6,79.9,Yes,Yes,School,68.4,Good,Pass
STU2469,Student_1469,Female,18,Information Technology,3rd Year,81.2,4.0,74.0,75.2,68.1,64.5,Yes,Yes,Postgraduate,72.4,Good,Pass
STU2470,Student_1470,Male,16,Information Technology,3rd Year,74.4,1.2,72.6,56.3,46.8,50.0,Yes,Yes,Higher Secondary,58.6,Average,Pass
STU2471,Student_1471,Male,17,Commerce,2nd Year,67.6,1.8,78.5,53.9,46.6,92.8,Yes,Yes,School,59.7,Average,Pass
STU2472,Student_1472,Female,16,English,3rd Year,88.5,2.5,76.5,61.2,71.1,79.4,No,Yes,Postgraduate,69.6,Good,Pass
STU2473,Student_1473,Male,21,Information Technology,2nd Year,98.9,0.8,79.9,63.2,94.1,81.1,Yes,Yes,Postgraduate,79.1,Excellent,Pass
STU2474,Student_1474,Female,15,Commerce,3rd Year,73.1,3.5,82.5,50.6,81.7,76.8,No,Yes,Undergraduate,71.6,Good,Pass
STU2475,Student_1475,Female,16,Mathematics,2nd Year,87.1,0.5,56.8,56.2,89.6,87.5,No,Yes,Undergraduate,67.5,Good,Pass
STU2476,Student_1476,Female,21,Commerce,3rd Year,68.2,4.2,70.3,73.1,41.1,65.3,Yes,Yes,Higher Secondary,61.5,Average,Pass
STU2477,Student_1477,Male,15,Physics,3rd Year,76.4,2.9,78.0,99.9,47.5,83.4,No,Yes,Postgraduate,75.1,Good,Pass
STU2478,Student_1478,Female,15,Computer Science,1st Year,84.7,2.6,60.5,86.1,70.2,81.0,No,Yes,Undergraduate,72.3,Good,Pass
STU2479,Student_1479,Female,17,Mathematics,3rd Year,64.7,2.8,64.9,74.2,83.4,80.5,No,Yes,Higher Secondary,74.2,Good,Pass
STU2480,Student_1480,Female,20,Mathematics,3rd Year,81.8,3.4,71.7,87.8,80.2,53.1,Yes,Yes,School,79.9,Excellent,Pass
STU2481,Student_1481,Male,18,Physics,1st Year,73.6,4.4,72.5,88.2,48.5,73.1,Yes,Yes,Undergraduate,69.7,Good,Pass
STU2482,Student_1482,Male,16,Commerce,2nd Year,88.0,5.5,78.2,67.7,88.2,76.8,Yes,Yes,Higher Secondary,78.0,Good,Pass
STU2483,Student_1483,Female,15,Computer Science,1st Year,80.3,5.0,62.3,75.6,68.7,97.7,Yes,Yes,Undergraduate,68.9,Good,Pass
STU2484,Student_1484,Male,16,Commerce,1st Year,91.4,6.8,89.5,85.7,82.4,72.5,Yes,Yes,School,85.9,Excellent,Pass
STU2485,Student_1485,Male,20,Information Technology,2nd Year,79.2,4.5,72.3,87.6,60.3,87.2,No,Yes,School,73.4,Good,Pass
STU2486,Student_1486,Male,18,Commerce,3rd Year,68.4,3.7,77.2,87.7,45.3,48.7,Yes,Yes,Undergraduate,70.1,Good,Pass
STU2487,Student_1487,Male,20,Mathematics,2nd Year,67.1,2.8,69.5,57.6,83.5,60.3,No,Yes,School,70.2,Good,Pass
STU2488,Student_1488,Male,18,Computer Science,3rd Year,62.9,2.9,78.5,88.5,77.5,77.6,No,No,Higher Secondary,81.5,Excellent,Pass
STU2489,Student_1489,Male,19,Commerce,3rd Year,88.3,4.3,100.0,98.0,50.1,77.5,No,No,Undergraduate,82.7,Excellent,Pass
STU2490,Student_1490,Male,18,Computer Science,2nd Year,100.0,2.0,69.3,92.9,59.3,60.2,Yes,Yes,Undergraduate,73.8,Good,Pass
STU2491,Student_1491,Male,17,Computer Science,1st Year,86.4,3.8,66.8,56.8,81.0,85.3,Yes,Yes,School,68.2,Good,Pass
STU2492,Student_1492,Male,20,Information Technology,2nd Year,98.7,3.5,62.5,53.3,73.3,68.5,No,Yes,Higher Secondary,63.0,Average,Pass
STU2493,Student_1493,Male,15,Information Technology,3rd Year,93.3,2.4,74.1,78.5,78.0,68.1,Yes,Yes,Undergraduate,76.9,Good,Pass
STU2494,Student_1494,Female,19,Mathematics,2nd Year,76.8,1.9,73.9,92.6,61.6,69.8,No,Yes,Undergraduate,76.0,Good,Pass
STU2495,Student_1495,Female,17,Physics,2nd Year,94.7,7.3,75.8,75.2,92.8,91.1,No,No,School,81.3,Excellent,Pass
STU2496,Student_1496,Male,16,Computer Science,3rd Year,77.2,1.4,82.0,68.7,68.2,87.3,No,Yes,School,73.0,Good,Pass
STU2497,Student_1497,Female,20,Physics,1st Year,77.4,3.4,80.1,70.7,32.1,99.2,No,Yes,Higher Secondary,61.0,Average,Pass
STU2498,Student_1498,Female,21,Mathematics,2nd Year,79.9,5.3,74.7,86.3,71.7,79.3,Yes,Yes,Higher Secondary,77.6,Good,Pass
STU2499,Student_1499,Male,21,Computer Science,3rd Year,80.4,4.3,100.0,67.5,79.7,100.0,No,No,School,82.4,Excellent,Pass
STU2500,Student_1500,Male,15,Computer Science,3rd Year,88.6,2.8,85.4,78.7,74.8,74.6,Yes,Yes,Higher Secondary,79.6,Excellent,Pass
STU2501,Student_1501,Male,18,English,2nd Year,75.3,1.7,58.7,70.2,63.2,69.1,No,Yes,Postgraduate,64.0,Average,Pass
STU2502,Student_1502,Female,15,Physics,1st Year,90.9,3.7,51.8,59.6,38.7,64.4,Yes,No,Postgraduate,50.0,Average,Pass
STU2503,Student_1503,Female,21,Commerce,2nd Year,90.7,0.5,64.6,58.5,59.6,68.4,No,No,School,60.9,Average,Pass
STU2504,Student_1504,Male,16,Information Technology,1st Year,85.4,3.8,77.3,79.4,61.1,69.1,Yes,No,Undergraduate,72.6,Good,Pass
STU2505,Student_1505,Male,19,Commerce,1st Year,100.0,3.6,63.3,34.1,59.5,60.7,No,Yes,School,52.3,Average,Pass
STU2506,Student_1506,Male,19,Physics,1st Year,94.9,5.1,65.6,78.7,79.8,62.1,No,Yes,School,74.7,Good,Pass
STU2507,Student_1507,Female,20,Information Technology,1st Year,92.7,1.8,75.4,69.6,64.7,80.1,No,Yes,School,69.9,Good,Pass
STU2508,Student_1508,Female,19,Commerce,2nd Year,82.7,3.0,69.9,85.2,92.1,63.7,Yes,Yes,Undergraduate,82.4,Excellent,Pass
STU2509,Student_1509,Female,20,English,3rd Year,85.5,4.2,44.3,80.4,66.4,45.5,No,Yes,Postgraduate,63.7,Average,Pass
STU2510,Student_1510,Female,20,Information Technology,3rd Year,87.2,3.8,91.2,72.6,89.5,44.7,Yes,Yes,Higher Secondary,84.4,Excellent,Pass
STU2511,Student_1511,Male,20,Computer Science,3rd Year,82.1,1.5,87.7,57.1,73.4,39.5,No,No,Postgraduate,72.7,Good,Pass
STU2512,Student_1512,Male,21,Commerce,3rd Year,78.2,2.5,55.7,57.8,74.2,49.7,No,Yes,Higher Secondary,62.6,Average,Pass
STU2513,Student_1513,Male,21,Information Technology,3rd Year,57.9,5.6,75.9,63.0,51.1,53.0,No,Yes,Higher Secondary,63.3,Average,Pass
STU2514,Student_1514,Male,18,English,3rd Year,89.2,3.9,58.3,84.2,48.4,56.4,Yes,Yes,School,63.6,Average,Pass
STU2515,Student_1515,Female,17,Information Technology,2nd Year,92.4,1.0,65.9,96.8,68.8,75.3,No,Yes,School,77.2,Good,Pass
STU2516,Student_1516,Female,20,Information Technology,1st Year,70.4,4.8,82.3,76.6,97.0,51.9,No,No,Higher Secondary,85.3,Excellent,Pass
STU2517,Student_1517,Male,20,English,3rd Year,88.1,1.1,87.2,63.8,62.7,57.2,No,Yes,Undergraduate,71.2,Good,Pass
STU2518,Student_1518,Male,17,Commerce,2nd Year,76.1,3.0,86.8,65.2,60.1,43.5,No,Yes,Undergraduate,70.7,Good,Pass
STU2519,Student_1519,Female,15,Mathematics,3rd Year,78.3,4.3,78.7,65.9,67.2,61.1,No,Yes,Undergraduate,70.6,Good,Pass
STU2520,Student_1520,Male,20,Commerce,3rd Year,95.1,5.3,94.1,86.6,98.3,81.9,No,No,Undergraduate,93.0,Excellent,Pass
STU2521,Student_1521,Female,18,Physics,1st Year,72.1,0.5,65.8,65.6,82.6,70.6,Yes,Yes,School,71.3,Good,Pass
STU2522,Student_1522,Male,19,English,1st Year,72.1,4.6,69.2,71.4,89.4,72.2,Yes,Yes,Postgraduate,76.7,Good,Pass
STU2523,Student_1523,Male,19,Commerce,1st Year,100.0,4.8,36.1,90.8,38.3,71.0,Yes,No,Postgraduate,55.1,Average,Pass
STU2524,Student_1524,Male,16,Information Technology,3rd Year,80.5,2.7,73.6,64.1,56.8,51.7,No,Yes,Higher Secondary,64.8,Good,Pass
STU2525,Student_1525,Male,16,English,3rd Year,94.5,3.6,83.7,79.8,57.4,64.9,No,Yes,Undergraduate,73.6,Good,Pass
STU2526,Student_1526,Male,19,Computer Science,3rd Year,66.0,0.5,79.3,84.6,88.2,74.3,No,Yes,School,84.0,Excellent,Pass
STU2527,Student_1527,Male,19,Commerce,1st Year,66.8,0.5,65.6,72.9,80.6,85.5,No,Yes,School,73.0,Good,Pass
STU2528,Student_1528,Male,21,English,2nd Year,72.9,5.2,87.7,99.4,86.9,76.5,Yes,Yes,School,91.3,Excellent,Pass
STU2529,Student_1529,Female,18,Commerce,3rd Year,77.2,2.7,73.9,95.3,40.0,84.2,Yes,Yes,Higher Secondary,69.7,Good,Pass
STU2530,Student_1530,Female,17,English,3rd Year,68.0,3.0,86.5,75.7,87.8,54.7,Yes,Yes,School,83.3,Excellent,Pass
STU2531,Student_1531,Female,16,Information Technology,3rd Year,85.7,3.9,82.3,60.7,80.5,48.4,No,No,Higher Secondary,74.5,Good,Pass
STU2532,Student_1532,Female,21,Computer Science,2nd Year,86.3,3.0,96.4,61.4,55.2,44.7,Yes,Yes,Higher Secondary,71.0,Good,Pass
STU2533,Student_1533,Female,21,Computer Science,3rd Year,73.0,2.8,80.1,75.0,66.8,83.3,Yes,Yes,Higher Secondary,74.0,Good,Pass
STU2534,Student_1534,Male,17,Physics,2nd Year,73.8,4.1,84.1,56.7,55.7,49.4,No,Yes,Higher Secondary,65.5,Good,Pass
STU2535,Student_1535,Male,21,English,3rd Year,75.1,1.3,73.8,75.8,68.5,86.9,Yes,Yes,School,72.7,Good,Pass
STU2536,Student_1536,Female,18,Commerce,2nd Year,70.4,5.2,67.5,95.6,77.2,64.3,Yes,Yes,School,80.1,Excellent,Pass
STU2537,Student_1537,Male,19,Computer Science,3rd Year,53.0,3.2,82.4,72.9,84.5,96.0,Yes,Yes,Postgraduate,79.9,Excellent,Pass
STU2538,Student_1538,Female,20,Computer Science,1st Year,81.1,2.0,97.5,71.7,55.0,64.3,No,Yes,School,74.7,Good,Pass
STU2539,Student_1539,Female,17,Mathematics,1st Year,77.7,1.8,65.8,83.9,62.5,65.1,Yes,Yes,Undergraduate,70.7,Good,Pass
STU2540,Student_1540,Male,19,Mathematics,1st Year,78.7,3.6,71.3,79.3,52.4,72.0,No,Yes,Undergraduate,67.7,Good,Pass
STU2541,Student_1541,Male,19,Computer Science,1st Year,71.9,3.0,75.4,55.9,82.3,64.8,Yes,Yes,Higher Secondary,71.2,Good,Pass
STU2542,Student_1542,Male,15,English,3rd Year,90.1,1.2,85.3,65.6,44.8,77.3,No,Yes,Higher Secondary,65.2,Good,Pass
STU2543,Student_1543,Female,17,Physics,1st Year,100.0,2.6,80.2,98.5,72.8,55.3,No,Yes,Higher Secondary,83.8,Excellent,Pass
STU2544,Student_1544,Male,21,Computer Science,2nd Year,73.7,2.3,88.7,76.6,50.4,73.8,No,No,Postgraduate,71.9,Good,Pass
STU2545,Student_1545,Female,20,Information Technology,1st Year,96.0,5.4,100.0,57.9,70.7,59.7,No,Yes,Higher Secondary,76.2,Good,Pass
STU2546,Student_1546,Female,17,Commerce,1st Year,85.7,3.7,65.4,69.3,88.5,67.9,No,Yes,Postgraduate,74.4,Good,Pass
STU2547,Student_1547,Female,21,Physics,1st Year,82.4,5.9,84.1,47.0,61.8,50.4,No,Yes,Higher Secondary,64.3,Good,Pass
STU2548,Student_1548,Male,19,Information Technology,3rd Year,78.6,2.4,79.8,46.0,73.5,84.1,No,Yes,Undergraduate,66.4,Good,Pass
STU2549,Student_1549,Male,20,Physics,1st Year,81.2,3.1,75.3,85.8,55.7,65.7,No,Yes,Higher Secondary,72.3,Good,Pass
STU2550,Student_1550,Female,21,Information Technology,2nd Year,93.5,4.1,84.1,71.9,68.2,84.7,Yes,Yes,School,74.7,Good,Pass
STU2551,Student_1551,Male,18,Commerce,1st Year,70.6,4.4,71.0,79.3,45.1,59.9,No,Yes,Higher Secondary,65.1,Good,Pass
STU2552,Student_1552,Male,21,Commerce,1st Year,79.2,4.6,79.8,88.2,81.3,70.9,No,Yes,School,83.1,Excellent,Pass
STU2553,Student_1553,Male,15,Mathematics,1st Year,94.5,2.2,55.4,76.8,63.4,84.9,Yes,No,School,65.2,Good,Pass
STU2554,Student_1554,Female,19,English,2nd Year,91.8,2.2,66.9,82.3,66.7,53.4,No,Yes,School,72.0,Good,Pass
STU2555,Student_1555,Female,21,Information Technology,1st Year,70.8,3.0,90.7,75.6,71.1,57.8,No,Yes,School,79.1,Excellent,Pass
STU2556,Student_1556,Male,16,Mathematics,2nd Year,80.2,5.7,90.1,90.0,38.5,83.2,No,Yes,Postgraduate,72.9,Good,Pass
STU2557,Student_1557,Female,16,Information Technology,2nd Year,89.3,2.0,78.9,96.8,58.9,91.2,No,Yes,Postgraduate,78.2,Good,Pass
STU2558,Student_1558,Male,15,Mathematics,1st Year,88.6,2.7,68.2,74.8,72.2,71.2,Yes,Yes,Higher Secondary,71.7,Good,Pass
STU2559,Student_1559,Male,18,Commerce,2nd Year,91.8,4.6,87.4,74.2,67.4,56.5,Yes,Yes,Higher Secondary,76.3,Good,Pass
STU2560,Student_1560,Male,19,Physics,3rd Year,85.8,4.5,93.5,76.5,100.0,66.2,No,Yes,Postgraduate,90.0,Excellent,Pass
STU2561,Student_1561,Male,17,Mathematics,1st Year,87.5,4.3,68.8,70.5,90.1,100.0,Yes,Yes,Higher Secondary,76.5,Good,Pass
STU2562,Student_1562,Female,15,Information Technology,1st Year,85.4,3.6,53.2,66.4,72.2,51.0,Yes,Yes,Higher Secondary,63.9,Average,Pass
STU2563,Student_1563,Female,18,Information Technology,2nd Year,97.8,1.9,81.7,86.7,53.6,78.9,No,Yes,Postgraduate,74.0,Good,Pass
STU2564,Student_1564,Female,17,English,2nd Year,77.8,2.5,88.7,66.4,62.1,72.9,Yes,Yes,Postgraduate,72.4,Good,Pass
STU2565,Student_1565,Male,16,Commerce,1st Year,82.5,5.2,83.8,65.6,80.5,53.7,Yes,Yes,Higher Secondary,76.6,Good,Pass
STU2566,Student_1566,Male,16,Information Technology,3rd Year,71.9,4.7,98.5,84.6,71.2,66.3,Yes,Yes,Postgraduate,84.8,Excellent,Pass
STU2567,Student_1567,Male,17,Computer Science,2nd Year,69.9,1.5,98.5,85.7,90.4,43.9,No,Yes,Undergraduate,91.5,Excellent,Pass
STU2568,Student_1568,Female,15,Physics,2nd Year,85.2,4.8,70.4,100.0,71.1,75.3,Yes,Yes,School,80.5,Excellent,Pass
STU2569,Student_1569,Male,16,Mathematics,3rd Year,74.8,5.5,78.0,89.1,71.9,77.5,Yes,No,School,79.7,Excellent,Pass
STU2570,Student_1570,Female,19,English,3rd Year,81.4,3.6,67.6,83.6,96.0,50.5,No,Yes,Undergraduate,82.4,Excellent,Pass
STU2571,Student_1571,Female,20,Physics,1st Year,98.2,4.1,59.7,85.6,52.5,79.3,Yes,Yes,Undergraduate,65.9,Good,Pass
STU2572,Student_1572,Female,21,Commerce,3rd Year,97.6,5.0,60.5,69.9,97.7,61.0,No,Yes,Higher Secondary,76.0,Good,Pass
STU2573,Student_1573,Female,17,English,1st Year,100.0,2.5,85.8,79.9,82.3,59.7,Yes,Yes,Higher Secondary,82.7,Excellent,Pass
STU2574,Student_1574,Female,17,Mathematics,3rd Year,98.4,7.0,79.5,80.5,100.0,56.4,No,No,School,86.7,Excellent,Pass
STU2575,Student_1575,Female,16,Mathematics,2nd Year,100.0,5.3,88.3,64.4,58.8,80.9,No,Yes,Higher Secondary,70.5,Good,Pass
STU2576,Student_1576,Male,15,Computer Science,1st Year,86.4,4.3,100.0,71.3,96.1,45.9,No,Yes,School,89.1,Excellent,Pass
STU2577,Student_1577,Male,19,Commerce,1st Year,73.0,3.4,82.5,85.3,72.1,47.2,Yes,Yes,Higher Secondary,80.0,Excellent,Pass
STU2578,Student_1578,Female,15,English,1st Year,72.0,4.2,63.2,71.7,67.0,62.1,Yes,Yes,Higher Secondary,67.3,Good,Pass
STU2579,Student_1579,Female,18,English,3rd Year,96.0,1.2,90.5,80.6,74.9,62.6,No,Yes,School,82.0,Excellent,Pass
STU2580,Student_1580,Male,18,Information Technology,2nd Year,82.5,6.6,62.9,84.6,72.0,80.4,Yes,Yes,Undergraduate,73.2,Good,Pass
STU2581,Student_1581,Female,20,Computer Science,1st Year,83.3,5.2,100.0,83.9,57.5,69.6,No,Yes,Undergraduate,80.5,Excellent,Pass
STU2582,Student_1582,Female,16,Computer Science,1st Year,76.5,5.7,45.4,96.2,67.9,69.7,Yes,Yes,Higher Secondary,69.8,Good,Pass
STU2583,Student_1583,Male,16,English,1st Year,77.7,3.5,66.8,63.9,74.9,46.7,No,Yes,Undergraduate,68.5,Good,Pass
STU2584,Student_1584,Female,16,English,1st Year,85.8,3.0,84.3,95.0,63.2,67.5,No,Yes,Higher Secondary,80.8,Excellent,Pass
STU2585,Student_1585,Female,20,Physics,2nd Year,71.4,2.5,92.7,78.6,78.6,34.9,No,No,Postgraduate,83.3,Excellent,Pass
STU2586,Student_1586,Female,18,Physics,3rd Year,84.6,4.7,64.8,83.7,65.3,74.6,Yes,Yes,Postgraduate,71.3,Good,Pass
STU2587,Student_1587,Male,15,Physics,2nd Year,97.1,2.7,62.1,81.8,77.3,81.2,Yes,No,Postgraduate,73.7,Good,Pass
STU2588,Student_1588,Male,20,Computer Science,1st Year,60.7,3.2,77.2,81.0,75.4,59.3,No,No,Undergraduate,77.9,Good,Pass
STU2589,Student_1589,Male,20,Information Technology,2nd Year,66.6,4.3,100.0,63.1,77.2,76.6,No,Yes,Undergraduate,80.1,Excellent,Pass
STU2590,Student_1590,Female,15,Mathematics,1st Year,88.8,2.5,51.9,83.2,48.4,64.4,Yes,Yes,School,61.2,Average,Pass
STU2591,Student_1591,Female,16,Physics,3rd Year,95.6,5.1,70.3,51.9,87.6,89.5,No,Yes,Undergraduate,69.9,Good,Pass
STU2592,Student_1592,Male,19,Information Technology,3rd Year,77.1,3.5,78.9,100.0,56.1,74.4,Yes,Yes,Higher Secondary,78.3,Good,Pass
STU2593,Student_1593,Female,15,Commerce,3rd Year,62.0,1.2,63.1,77.3,67.0,55.4,No,Yes,School,69.1,Good,Pass
STU2594,Student_1594,Female,18,Physics,1st Year,96.3,2.5,63.0,88.2,59.7,88.6,Yes,Yes,Undergraduate,70.3,Good,Pass
STU2595,Student_1595,Female,17,Mathematics,2nd Year,73.9,5.5,71.5,81.5,71.1,83.4,No,No,School,74.7,Good,Pass
STU2596,Student_1596,Female,17,Commerce,3rd Year,78.4,2.1,79.4,72.5,68.2,64.8,No,Yes,Undergraduate,73.4,Good,Pass
STU2597,Student_1597,Female,21,Commerce,1st Year,85.2,4.8,72.1,64.4,80.4,78.4,No,No,Higher Secondary,72.3,Good,Pass
STU2598,Student_1598,Male,21,Mathematics,1st Year,75.3,3.7,97.0,61.8,70.7,78.2,No,Yes,Postgraduate,76.5,Good,Pass
STU2599,Student_1599,Female,20,Physics,2nd Year,73.2,3.2,83.9,82.9,63.7,64.6,Yes,No,Postgraduate,76.8,Good,Pass
STU2600,Student_1600,Male,17,Computer Science,3rd Year,73.4,7.3,80.7,82.2,41.2,72.0,No,Yes,Higher Secondary,68.0,Good,Pass
STU2601,Student_1601,Female,19,Mathematics,1st Year,100.0,1.6,90.4,79.8,84.1,74.7,No,Yes,School,84.8,Excellent,Pass
STU2602,Student_1602,Male,16,Mathematics,2nd Year,93.6,2.4,81.0,70.4,78.3,60.9,No,Yes,Postgraduate,76.6,Good,Pass
STU2603,Student_1603,Female,18,Mathematics,3rd Year,87.7,3.5,68.4,77.8,84.8,91.2,No,Yes,Undergraduate,77.0,Good,Pass
STU2604,Student_1604,Male,21,Commerce,2nd Year,60.1,7.1,71.1,66.1,67.0,41.3,No,Yes,Undergraduate,68.1,Good,Pass
STU2605,Student_1605,Female,19,Information Technology,2nd Year,87.8,3.5,58.1,62.5,75.7,81.2,Yes,Yes,School,65.4,Good,Pass
STU2606,Student_1606,Male,18,Computer Science,1st Year,87.2,3.9,100.0,68.1,59.5,52.7,No,Yes,School,75.9,Good,Pass
STU2607,Student_1607,Female,18,Physics,1st Year,69.2,3.0,89.0,68.7,58.1,67.3,Yes,Yes,Higher Secondary,71.9,Good,Pass
STU2608,Student_1608,Male,16,Physics,1st Year,84.6,4.0,36.6,92.5,65.5,47.0,No,Yes,Postgraduate,64.9,Good,Pass
STU2609,Student_1609,Female,20,Information Technology,2nd Year,92.5,3.1,95.0,52.9,84.7,51.2,No,No,School,77.5,Good,Pass
STU2610,Student_1610,Male,17,Mathematics,1st Year,87.7,4.5,53.0,71.5,65.6,69.7,Yes,Yes,Postgraduate,63.4,Average,Pass
STU2611,Student_1611,Male,16,Computer Science,2nd Year,75.2,4.7,82.8,80.9,69.1,72.1,Yes,Yes,Postgraduate,77.6,Good,Pass
STU2612,Student_1612,Female,19,Physics,2nd Year,82.1,3.1,41.9,99.8,73.9,86.9,Yes,Yes,Undergraduate,71.9,Good,Pass
STU2613,Student_1613,Female,20,English,1st Year,89.3,1.8,68.6,63.5,70.4,65.0,Yes,Yes,School,67.5,Good,Pass
STU2614,Student_1614,Male,19,Physics,3rd Year,82.6,3.6,95.1,56.4,86.2,80.2,No,Yes,Higher Secondary,79.2,Excellent,Pass
STU2615,Student_1615,Female,20,Mathematics,3rd Year,94.5,5.6,95.9,82.1,58.0,70.8,No,Yes,School,78.7,Good,Pass
STU2616,Student_1616,Male,21,English,3rd Year,86.0,2.3,79.6,74.3,71.6,79.7,Yes,Yes,Postgraduate,75.2,Good,Pass
STU2617,Student_1617,Male,19,Information Technology,2nd Year,89.5,4.0,86.8,68.9,77.6,54.6,No,Yes,Undergraduate,77.8,Good,Pass
STU2618,Student_1618,Male,16,Computer Science,2nd Year,90.2,1.7,53.8,78.1,43.7,72.3,No,Yes,School,58.5,Average,Pass
STU2619,Student_1619,Female,20,Information Technology,2nd Year,71.3,1.9,83.1,84.1,74.3,76.6,Yes,Yes,School,80.5,Excellent,Pass
STU2620,Student_1620,Male,20,Information Technology,1st Year,82.5,5.5,87.8,82.3,91.5,63.6,No,Yes,School,87.2,Excellent,Pass
STU2621,Student_1621,Male,18,Computer Science,2nd Year,78.7,4.5,100.0,76.2,64.4,76.7,Yes,Yes,Higher Secondary,80.2,Excellent,Pass
STU2622,Student_1622,Female,18,Computer Science,1st Year,92.4,4.0,65.7,90.4,52.6,78.1,No,Yes,Higher Secondary,69.6,Good,Pass
STU2623,Student_1623,Female,15,Physics,1st Year,86.6,0.5,75.2,74.8,77.5,63.2,Yes,No,Higher Secondary,75.8,Good,Pass
STU2624,Student_1624,Female,19,Physics,3rd Year,80.1,2.7,76.2,72.6,72.9,82.6,Yes,No,Higher Secondary,73.9,Good,Pass
STU2625,Student_1625,Female,18,Computer Science,3rd Year,69.2,4.4,85.5,82.0,94.4,36.5,Yes,Yes,Undergraduate,87.3,Excellent,Pass
STU2626,Student_1626,Male,15,English,3rd Year,66.0,1.3,88.2,54.4,77.0,42.3,Yes,No,Undergraduate,73.2,Good,Pass
STU2627,Student_1627,Male,21,Commerce,1st Year,85.1,3.0,90.9,80.6,54.9,55.5,No,Yes,Higher Secondary,75.5,Good,Pass
STU2628,Student_1628,Male,21,Physics,1st Year,74.8,4.6,89.8,67.8,54.2,75.2,Yes,Yes,Postgraduate,70.6,Good,Pass
STU2629,Student_1629,Male,18,Commerce,1st Year,88.7,1.2,52.8,53.4,83.8,59.7,Yes,Yes,Higher Secondary,63.3,Average,Pass
STU2630,Student_1630,Female,19,English,2nd Year,65.6,1.0,35.8,78.0,75.7,50.9,No,No,Higher Secondary,63.2,Average,Pass
STU2631,Student_1631,Male,20,Computer Science,1st Year,97.9,1.3,67.3,65.6,69.1,69.7,No,Yes,Postgraduate,67.3,Good,Pass
STU2632,Student_1632,Male,17,English,3rd Year,88.6,4.0,74.5,49.4,72.8,72.5,Yes,Yes,School,65.6,Good,Pass
STU2633,Student_1633,Female,19,Physics,3rd Year,83.0,2.7,65.8,59.8,77.1,61.5,No,Yes,Postgraduate,67.6,Good,Pass
STU2634,Student_1634,Male,16,Information Technology,1st Year,98.8,4.8,68.1,95.7,76.0,53.2,Yes,Yes,Postgraduate,79.9,Excellent,Pass
STU2635,Student_1635,Male,21,Computer Science,1st Year,91.5,3.7,70.0,64.2,45.9,71.1,No,Yes,Undergraduate,60.0,Average,Pass
STU2636,Student_1636,Male,18,Mathematics,3rd Year,77.2,6.3,83.7,76.5,89.5,82.9,Yes,Yes,School,83.2,Excellent,Pass
STU2637,Student_1637,Male,18,Commerce,1st Year,82.8,1.6,59.5,56.8,90.5,52.8,No,Yes,Postgraduate,68.9,Good,Pass
STU2638,Student_1638,Male,20,English,3rd Year,62.4,4.0,73.8,100.0,99.0,94.7,No,Yes,Higher Secondary,90.9,Excellent,Pass
STU2639,Student_1639,Male,16,Computer Science,2nd Year,92.6,2.3,73.9,73.0,95.5,62.5,Yes,No,Postgraduate,80.8,Excellent,Pass
STU2640,Student_1640,Female,20,English,3rd Year,79.0,4.4,83.3,62.4,92.8,61.4,No,No,Undergraduate,79.5,Excellent,Pass
STU2641,Student_1641,Female,16,Computer Science,2nd Year,62.2,3.7,92.4,84.4,65.4,73.0,No,Yes,Postgraduate,80.7,Excellent,Pass
STU2642,Student_1642,Male,17,Physics,1st Year,70.2,2.0,100.0,100.0,74.8,72.5,No,No,Higher Secondary,91.6,Excellent,Pass
STU2643,Student_1643,Male,21,Physics,1st Year,90.7,3.3,63.8,66.3,88.7,37.5,No,Yes,School,72.9,Good,Pass
STU2644,Student_1644,Female,18,Physics,2nd Year,98.1,3.6,45.0,62.1,41.2,69.4,No,Yes,Undergraduate,49.4,Average,Fail
STU2645,Student_1645,Male,18,English,1st Year,82.2,2.6,71.4,100.0,66.5,79.7,No,No,School,79.3,Excellent,Pass
STU2646,Student_1646,Male,17,Mathematics,2nd Year,72.2,4.6,51.2,70.3,42.7,86.4,No,Yes,Undergraduate,54.7,Average,Pass
STU2647,Student_1647,Male,15,Physics,1st Year,67.8,2.0,100.0,68.7,74.5,69.3,No,Yes,Higher Secondary,81.1,Excellent,Pass
STU2648,Student_1648,Female,21,Computer Science,3rd Year,96.1,6.6,61.9,42.0,90.3,65.7,Yes,Yes,Undergraduate,64.7,Good,Pass
STU2649,Student_1649,Male,20,Physics,1st Year,86.5,4.9,83.5,71.5,70.3,81.9,No,Yes,School,75.1,Good,Pass
STU2650,Student_1650,Female,17,Information Technology,3rd Year,78.7,4.0,89.0,53.0,60.9,97.9,No,Yes,School,67.6,Good,Pass
STU2651,Student_1651,Male,20,Physics,3rd Year,76.3,7.8,80.1,64.2,74.5,72.4,No,Yes,Postgraduate,72.9,Good,Pass
STU2652,Student_1652,Female,19,English,2nd Year,88.7,3.0,100.0,43.8,76.6,68.3,No,Yes,School,73.5,Good,Pass
STU2653,Student_1653,Female,18,Mathematics,1st Year,88.4,4.4,72.0,89.3,77.7,89.9,Yes,No,Postgraduate,79.7,Excellent,Pass
STU2654,Student_1654,Male,20,Information Technology,2nd Year,73.0,3.8,62.5,51.5,50.6,54.1,No,Yes,School,54.9,Average,Pass
STU2655,Student_1655,Female,16,English,1st Year,70.6,4.7,61.7,44.8,73.9,71.9,No,No,Postgraduate,60.1,Average,Pass
STU2656,Student_1656,Male,20,English,3rd Year,71.1,5.7,86.3,59.3,72.9,100.0,No,Yes,Higher Secondary,72.8,Good,Pass
STU2657,Student_1657,Female,19,English,3rd Year,77.3,4.3,72.2,89.5,85.2,77.8,No,Yes,Postgraduate,82.3,Excellent,Pass
STU2658,Student_1658,Male,21,Computer Science,1st Year,75.1,5.1,61.7,65.8,68.8,82.5,No,Yes,School,65.4,Good,Pass
STU2659,Student_1659,Male,18,English,1st Year,98.2,2.7,81.6,67.6,100.0,66.1,Yes,Yes,Higher Secondary,83.1,Excellent,Pass
STU2660,Student_1660,Female,17,Computer Science,2nd Year,77.0,3.2,85.6,78.7,71.3,79.8,No,Yes,Undergraduate,78.5,Good,Pass
STU2661,Student_1661,Male,19,English,1st Year,69.5,6.0,79.1,69.9,62.4,89.2,No,Yes,School,70.5,Good,Pass
STU2662,Student_1662,Male,18,Commerce,1st Year,70.1,4.4,88.5,89.3,54.0,48.3,Yes,Yes,Postgraduate,77.3,Good,Pass
STU2663,Student_1663,Female,20,Information Technology,1st Year,80.2,3.9,76.3,68.6,61.8,69.6,Yes,Yes,Undergraduate,68.9,Good,Pass
STU2664,Student_1664,Male,21,Commerce,2nd Year,63.8,2.4,66.1,68.9,57.2,76.2,No,No,Postgraduate,64.1,Good,Pass
STU2665,Student_1665,Male,15,English,1st Year,81.4,4.9,87.2,100.0,67.5,70.2,No,Yes,Undergraduate,84.9,Excellent,Pass
STU2666,Student_1666,Female,21,Information Technology,3rd Year,68.6,2.3,61.6,72.8,97.0,63.7,No,Yes,Higher Secondary,77.1,Good,Pass
STU2667,Student_1667,Female,15,Information Technology,2nd Year,93.6,1.9,58.1,75.2,46.7,91.9,No,Yes,School,60.0,Average,Pass
STU2668,Student_1668,Male,16,Mathematics,2nd Year,83.2,3.7,92.3,69.1,47.8,74.1,Yes,Yes,Higher Secondary,69.7,Good,Pass
STU2669,Student_1669,Male,21,Commerce,3rd Year,100.0,0.5,69.8,38.0,66.2,60.5,No,Yes,School,58.0,Average,Pass
STU2670,Student_1670,Female,18,Mathematics,3rd Year,79.7,4.4,100.0,84.2,48.2,85.8,Yes,Yes,Undergraduate,77.5,Good,Pass
STU2671,Student_1671,Female,15,Information Technology,3rd Year,50.7,4.1,87.8,95.2,46.3,91.8,No,Yes,Higher Secondary,76.4,Good,Pass
STU2672,Student_1672,Male,17,Computer Science,1st Year,96.6,3.0,68.6,89.6,75.4,88.1,Yes,Yes,School,77.9,Good,Pass
STU2673,Student_1673,Female,18,Information Technology,3rd Year,87.0,3.1,82.3,64.2,69.2,64.8,Yes,Yes,Undergraduate,71.9,Good,Pass
STU2674,Student_1674,Male,17,Mathematics,1st Year,88.6,3.3,100.0,69.6,77.0,65.4,No,Yes,Higher Secondary,82.2,Excellent,Pass
STU2675,Student_1675,Male,21,Commerce,2nd Year,72.0,2.3,86.3,76.9,79.5,55.4,Yes,Yes,Higher Secondary,80.9,Excellent,Pass
STU2676,Student_1676,Male,17,English,2nd Year,81.6,3.8,83.7,76.4,91.5,74.8,No,Yes,Higher Secondary,83.9,Excellent,Pass
STU2677,Student_1677,Male,15,English,3rd Year,83.9,3.1,66.1,81.5,76.1,87.5,Yes,Yes,Higher Secondary,74.6,Good,Pass
STU2678,Student_1678,Male,18,Commerce,1st Year,79.6,3.7,100.0,74.8,89.3,79.5,Yes,Yes,Postgraduate,88.0,Excellent,Pass
STU2679,Student_1679,Female,20,English,3rd Year,64.7,3.3,94.8,66.9,71.7,97.3,Yes,Yes,Undergraduate,77.8,Good,Pass
STU2680,Student_1680,Female,19,English,3rd Year,100.0,3.0,66.2,73.9,76.2,41.9,No,Yes,Postgraduate,72.1,Good,Pass
STU2681,Student_1681,Female,15,Mathematics,1st Year,90.4,3.9,100.0,86.0,76.0,73.1,Yes,Yes,Undergraduate,87.3,Excellent,Pass
STU2682,Student_1682,Female,15,Commerce,3rd Year,86.2,4.7,77.5,100.0,74.6,83.5,Yes,Yes,Undergraduate,84.0,Excellent,Pass
STU2683,Student_1683,Male,20,Physics,2nd Year,95.1,2.7,62.4,65.0,73.3,61.9,No,No,Undergraduate,66.9,Good,Pass
STU2684,Student_1684,Male,18,Computer Science,3rd Year,88.4,4.1,66.0,75.2,99.1,54.0,Yes,Yes,School,80.1,Excellent,Pass
STU2685,Student_1685,Male,18,Computer Science,1st Year,75.2,4.3,88.2,66.9,81.2,52.9,No,Yes,Undergraduate,78.8,Good,Pass
STU2686,Student_1686,Male,21,English,1st Year,94.5,1.6,62.5,76.3,62.8,72.6,No,Yes,Higher Secondary,67.2,Good,Pass
STU2687,Student_1687,Female,17,Computer Science,2nd Year,90.5,5.0,58.5,85.7,100.0,52.5,Yes,Yes,Postgraduate,81.4,Excellent,Pass
STU2688,Student_1688,Male,21,Commerce,1st Year,75.6,6.6,68.4,69.1,64.0,93.1,No,Yes,Higher Secondary,67.2,Good,Pass
STU2689,Student_1689,Male,20,Commerce,1st Year,89.9,3.4,70.7,43.4,69.9,78.7,No,Yes,Higher Secondary,61.3,Average,Pass
STU2690,Student_1690,Female,21,Information Technology,2nd Year,79.6,3.2,64.9,86.4,56.7,68.0,No,No,Postgraduate,69.3,Good,Pass
STU2691,Student_1691,Female,20,Information Technology,3rd Year,84.1,3.2,68.2,73.8,81.5,69.8,No,Yes,Higher Secondary,74.5,Good,Pass
STU2692,Student_1692,Female,18,Computer Science,2nd Year,88.0,4.4,88.8,67.2,97.0,87.2,No,Yes,School,84.3,Excellent,Pass
STU2693,Student_1693,Female,17,Physics,3rd Year,95.7,4.3,78.8,64.1,46.1,91.1,Yes,Yes,Higher Secondary,63.0,Average,Pass
STU2694,Student_1694,Male,21,Information Technology,2nd Year,75.5,1.1,67.3,76.4,65.6,57.0,No,No,Higher Secondary,69.8,Good,Pass
STU2695,Student_1695,Male,15,Information Technology,3rd Year,85.6,2.2,68.6,62.3,87.9,60.0,No,Yes,Postgraduate,72.9,Good,Pass
STU2696,Student_1696,Female,16,Commerce,2nd Year,100.0,4.3,73.0,63.9,53.1,65.6,No,Yes,Higher Secondary,63.3,Average,Pass
STU2697,Student_1697,Male,19,Physics,3rd Year,80.2,3.3,73.9,54.5,79.2,61.6,No,Yes,Postgraduate,69.2,Good,Pass
STU2698,Student_1698,Male,15,English,2nd Year,84.0,1.8,73.9,62.4,49.2,43.9,No,Yes,Undergraduate,61.8,Average,Pass
STU2699,Student_1699,Male,18,Computer Science,3rd Year,100.0,5.8,88.2,80.8,76.5,58.8,Yes,Yes,Undergraduate,81.8,Excellent,Pass
STU2700,Student_1700,Female,19,Information Technology,2nd Year,88.4,2.3,78.0,52.7,71.2,60.4,No,No,School,67.3,Good,Pass
STU2701,Student_1701,Male,16,Physics,1st Year,67.3,3.6,78.4,88.1,100.0,53.0,Yes,Yes,Postgraduate,88.8,Excellent,Pass
STU2702,Student_1702,Female,16,Physics,3rd Year,74.0,3.2,96.4,55.5,81.9,77.6,No,Yes,Postgraduate,77.9,Good,Pass
STU2703,Student_1703,Male,17,Computer Science,2nd Year,88.9,1.9,100.0,74.1,35.2,69.1,No,Yes,Postgraduate,69.8,Good,Pass
STU2704,Student_1704,Male,19,Physics,3rd Year,86.2,3.8,56.5,78.8,68.8,80.3,Yes,Yes,School,68.0,Good,Pass
STU2705,Student_1705,Male,17,Physics,3rd Year,83.6,4.1,51.3,83.5,83.2,56.2,No,Yes,School,72.7,Good,Pass
STU2706,Student_1706,Female,15,Physics,2nd Year,100.0,2.8,69.8,83.5,63.4,80.5,No,Yes,Higher Secondary,72.2,Good,Pass
STU2707,Student_1707,Male,20,Information Technology,3rd Year,75.8,3.0,86.7,70.8,62.7,73.2,No,Yes,Postgraduate,73.4,Good,Pass
STU2708,Student_1708,Female,20,Computer Science,2nd Year,81.3,4.4,80.6,69.6,63.5,62.8,Yes,Yes,School,71.2,Good,Pass
STU2709,Student_1709,Female,20,Physics,1st Year,62.4,0.5,90.8,80.4,78.8,95.1,No,Yes,Undergraduate,83.3,Excellent,Pass
STU2710,Student_1710,Female,19,Physics,3rd Year,93.6,2.2,69.1,75.9,49.9,72.7,No,Yes,Undergraduate,65.0,Good,Pass
STU2711,Student_1711,Male,20,Information Technology,1st Year,74.0,3.8,45.6,67.2,61.0,63.1,No,Yes,Postgraduate,57.9,Average,Pass
STU2712,Student_1712,Male,15,Computer Science,3rd Year,92.6,2.7,54.5,77.2,86.5,75.2,No,Yes,Undergraduate,72.7,Good,Pass
STU2713,Student_1713,Male,17,Commerce,3rd Year,91.5,2.7,83.5,69.7,62.2,56.8,No,Yes,Higher Secondary,71.8,Good,Pass
STU2714,Student_1714,Male,19,Information Technology,3rd Year,100.0,4.9,90.9,63.6,61.2,68.3,No,No,Higher Secondary,71.9,Good,Pass
STU2715,Student_1715,Female,17,Computer Science,2nd Year,88.5,2.6,46.4,66.7,48.0,100.0,Yes,Yes,Postgraduate,53.7,Average,Pass
STU2716,Student_1716,Female,19,Physics,1st Year,78.4,6.5,96.2,78.8,80.3,44.5,Yes,Yes,School,85.1,Excellent,Pass
STU2717,Student_1717,Female,17,Computer Science,3rd Year,86.5,0.9,82.0,59.0,76.8,63.1,No,Yes,School,72.6,Good,Pass
STU2718,Student_1718,Male,16,Computer Science,2nd Year,74.4,0.5,73.9,87.5,85.6,68.8,No,Yes,School,82.3,Excellent,Pass
STU2719,Student_1719,Female,17,English,3rd Year,85.2,4.8,65.6,64.2,68.2,65.5,No,Yes,School,66.0,Good,Pass
STU2720,Student_1720,Male,20,Computer Science,2nd Year,80.0,2.0,98.9,40.4,75.1,63.5,Yes,Yes,Postgraduate,71.5,Good,Pass
STU2721,Student_1721,Female,16,Commerce,3rd Year,81.3,2.0,88.5,79.7,74.9,96.4,Yes,Yes,Higher Secondary,81.0,Excellent,Pass
STU2722,Student_1722,Male,17,Computer Science,1st Year,73.0,5.0,82.4,34.2,47.2,62.7,No,Yes,Postgraduate,54.6,Average,Pass
STU2723,Student_1723,Male,19,Commerce,1st Year,85.0,2.8,64.0,57.8,100.0,77.0,No,Yes,Postgraduate,73.9,Good,Pass
STU2724,Student_1724,Female,19,Physics,3rd Year,90.2,4.9,99.2,100.0,85.6,61.8,Yes,Yes,Undergraduate,94.9,Excellent,Pass
STU2725,Student_1725,Female,19,Commerce,2nd Year,65.5,2.6,75.5,86.8,71.3,77.0,No,Yes,Higher Secondary,77.9,Good,Pass
STU2726,Student_1726,Female,18,Physics,3rd Year,75.1,4.0,79.5,85.7,66.4,85.0,Yes,Yes,School,77.2,Good,Pass
STU2727,Student_1727,Female,15,Physics,2nd Year,83.7,2.7,76.1,56.3,91.2,69.9,Yes,Yes,Higher Secondary,74.5,Good,Pass
STU2728,Student_1728,Male,19,Commerce,3rd Year,58.5,2.1,63.5,69.4,63.5,62.4,Yes,Yes,Undergraduate,65.5,Good,Pass
STU2729,Student_1729,Female,16,Information Technology,2nd Year,99.4,6.1,79.8,89.4,84.6,69.1,No,Yes,Postgraduate,84.6,Excellent,Pass
STU2730,Student_1730,Female,19,Mathematics,1st Year,74.9,5.2,85.5,81.0,60.8,79.0,No,Yes,Higher Secondary,75.8,Good,Pass
STU2731,Student_1731,Female,18,Computer Science,3rd Year,72.6,2.4,68.4,87.9,56.0,84.0,Yes,No,Undergraduate,70.8,Good,Pass
STU2732,Student_1732,Male,20,English,1st Year,79.9,3.2,78.5,96.9,67.4,74.9,No,Yes,Postgraduate,80.9,Excellent,Pass
STU2733,Student_1733,Male,16,Mathematics,1st Year,83.4,5.7,75.9,81.2,70.2,69.8,Yes,Yes,School,75.8,Good,Pass
STU2734,Student_1734,Female,18,Computer Science,3rd Year,74.4,2.0,88.7,54.8,76.8,90.2,No,Yes,Higher Secondary,73.4,Good,Pass
STU2735,Student_1735,Male,20,Computer Science,3rd Year,91.8,2.1,70.5,80.4,93.5,61.6,No,No,School,81.5,Excellent,Pass
STU2736,Student_1736,Female,21,Physics,2nd Year,86.0,4.2,78.4,68.7,87.8,64.8,Yes,Yes,School,78.3,Good,Pass
STU2737,Student_1737,Male,21,Computer Science,2nd Year,73.6,6.9,81.6,53.9,91.1,97.9,Yes,Yes,Undergraduate,75.5,Good,Pass
STU2738,Student_1738,Male,16,English,1st Year,76.8,3.6,70.2,84.5,58.3,69.5,No,Yes,Undergraduate,71.0,Good,Pass
STU2739,Student_1739,Male,17,Computer Science,2nd Year,66.8,5.1,62.6,88.8,65.3,80.9,No,Yes,Postgraduate,72.2,Good,Pass
STU2740,Student_1740,Male,15,Commerce,2nd Year,69.5,2.0,65.1,70.7,85.5,57.7,Yes,Yes,School,73.8,Good,Pass
STU2741,Student_1741,Female,15,Mathematics,3rd Year,85.9,4.0,81.1,76.5,89.4,86.0,No,Yes,Undergraduate,82.3,Excellent,Pass
STU2742,Student_1742,Female,18,Commerce,2nd Year,73.7,3.0,71.5,43.0,81.9,53.7,No,Yes,Undergraduate,65.5,Good,Pass
STU2743,Student_1743,Female,20,English,1st Year,100.0,6.3,71.3,87.7,61.0,52.6,No,Yes,School,73.3,Good,Pass
STU2744,Student_1744,Male,15,Computer Science,2nd Year,82.7,5.9,84.1,83.1,53.3,84.4,No,No,Postgraduate,73.5,Good,Pass
STU2745,Student_1745,Female,20,English,1st Year,68.5,6.9,90.3,75.5,73.7,65.6,No,No,School,79.8,Excellent,Pass
STU2746,Student_1746,Female,20,Physics,3rd Year,70.6,2.5,92.9,54.5,55.7,67.4,No,Yes,Postgraduate,67.7,Good,Pass
STU2747,Student_1747,Female,18,Commerce,1st Year,92.5,3.6,65.8,49.0,77.4,77.5,No,Yes,Postgraduate,64.1,Good,Pass
STU2748,Student_1748,Male,18,Commerce,2nd Year,81.2,4.1,88.8,100.0,90.0,66.6,No,Yes,Undergraduate,92.9,Excellent,Pass
STU2749,Student_1749,Male,18,Information Technology,3rd Year,91.9,2.5,100.0,58.0,73.0,55.3,Yes,Yes,School,77.0,Good,Pass
STU2750,Student_1750,Male,15,Computer Science,2nd Year,78.3,3.7,76.9,73.9,49.1,62.5,No,Yes,School,66.6,Good,Pass
STU2751,Student_1751,Female,21,Physics,3rd Year,76.4,4.9,73.9,58.4,61.9,56.4,Yes,No,Undergraduate,64.7,Good,Pass
STU2752,Student_1752,Female,18,Commerce,3rd Year,93.2,2.7,70.8,40.0,83.8,88.4,Yes,Yes,Higher Secondary,64.9,Good,Pass
STU2753,Student_1753,Female,15,Commerce,2nd Year,73.4,2.4,59.0,78.3,77.6,89.1,No,Yes,Higher Secondary,71.6,Good,Pass
STU2754,Student_1754,Male,18,Physics,2nd Year,86.9,2.3,87.6,80.5,78.9,58.4,No,Yes,School,82.3,Excellent,Pass
STU2755,Student_1755,Male,19,English,3rd Year,79.9,1.5,74.0,48.6,98.3,77.5,Yes,Yes,Undergraduate,73.6,Good,Pass
STU2756,Student_1756,Female,20,English,3rd Year,90.8,4.8,72.8,87.5,75.6,66.9,No,Yes,Postgraduate,78.6,Good,Pass
STU2757,Student_1757,Male,18,Computer Science,2nd Year,100.0,2.4,85.3,64.6,75.1,92.9,Yes,Yes,Postgraduate,75.0,Good,Pass
STU2758,Student_1758,Male,16,Information Technology,1st Year,78.1,2.3,86.7,56.8,83.7,100.0,Yes,Yes,School,75.7,Good,Pass
STU2759,Student_1759,Male,20,Commerce,2nd Year,76.5,4.3,66.0,55.9,51.2,82.0,Yes,No,Undergraduate,57.7,Average,Pass
STU2760,Student_1760,Male,20,Information Technology,3rd Year,88.7,3.5,66.3,84.2,62.9,63.3,No,Yes,School,71.1,Good,Pass
STU2761,Student_1761,Female,18,English,2nd Year,71.2,2.7,65.7,45.1,58.2,53.6,No,Yes,School,56.3,Average,Pass
STU2762,Student_1762,Male,21,English,1st Year,98.2,4.7,100.0,54.6,80.5,74.7,No,Yes,Undergraduate,78.4,Good,Pass
STU2763,Student_1763,Male,17,Mathematics,2nd Year,96.5,2.7,97.2,78.0,55.3,68.7,No,Yes,School,76.8,Good,Pass
STU2764,Student_1764,Male,21,Computer Science,3rd Year,72.0,0.5,85.6,76.2,79.0,49.4,No,Yes,Postgraduate,80.3,Excellent,Pass
STU2765,Student_1765,Male,18,Mathematics,2nd Year,66.2,5.5,69.4,57.7,66.5,72.2,No,No,Higher Secondary,64.5,Good,Pass
STU2766,Student_1766,Female,20,Mathematics,3rd Year,70.4,2.3,71.1,90.0,64.3,100.0,Yes,Yes,Postgraduate,75.1,Good,Pass
STU2767,Student_1767,Female,16,Mathematics,3rd Year,70.5,2.4,80.5,56.4,84.6,83.1,No,Yes,Higher Secondary,73.8,Good,Pass
STU2768,Student_1768,Male,20,Computer Science,2nd Year,90.0,2.4,100.0,69.1,48.7,53.6,No,Yes,Undergraduate,72.6,Good,Pass
STU2769,Student_1769,Male,21,Computer Science,3rd Year,97.5,3.6,79.3,67.2,62.2,70.7,Yes,Yes,School,69.6,Good,Pass
STU2770,Student_1770,Male,16,Physics,3rd Year,89.9,3.1,82.6,67.3,100.0,76.6,Yes,Yes,Higher Secondary,83.3,Excellent,Pass
STU2771,Student_1771,Male,15,Information Technology,1st Year,79.6,5.0,36.8,69.3,99.6,78.4,No,Yes,Undergraduate,68.6,Good,Pass
STU2772,Student_1772,Male,19,Information Technology,1st Year,85.4,6.0,78.9,68.8,41.0,46.5,Yes,Yes,Undergraduate,62.9,Average,Pass
STU2773,Student_1773,Male,20,Physics,1st Year,73.3,2.5,54.1,68.7,61.9,69.2,No,No,Undergraduate,61.6,Average,Pass
STU2774,Student_1774,Female,18,Physics,1st Year,93.0,2.1,67.7,69.5,71.0,74.9,Yes,Yes,Postgraduate,69.4,Good,Pass
STU2775,Student_1775,Male,15,English,3rd Year,86.3,2.7,75.7,87.2,47.4,68.2,No,No,Postgraduate,70.1,Good,Pass
STU2776,Student_1776,Female,19,Mathematics,2nd Year,89.7,4.2,70.5,68.7,100.0,42.1,Yes,Yes,Higher Secondary,79.7,Excellent,Pass
STU2777,Student_1777,Female,18,Physics,3rd Year,74.7,3.3,65.5,81.7,70.5,68.7,No,Yes,Higher Secondary,72.6,Good,Pass
STU2778,Student_1778,Male,17,Commerce,3rd Year,80.3,2.7,65.6,74.1,67.0,82.8,No,Yes,Postgraduate,68.9,Good,Pass
STU2779,Student_1779,Female,18,Information Technology,3rd Year,89.3,1.6,71.8,77.1,76.1,62.4,No,No,Higher Secondary,75.0,Good,Pass
STU2780,Student_1780,Female,16,Physics,2nd Year,96.4,0.5,71.2,82.9,75.8,64.0,Yes,Yes,Higher Secondary,76.6,Good,Pass
STU2781,Student_1781,Female,16,Commerce,1st Year,75.9,2.0,75.3,56.0,56.3,92.0,No,Yes,School,62.5,Average,Pass
STU2782,Student_1782,Female,17,Commerce,3rd Year,89.8,5.4,74.2,80.8,91.0,68.0,No,No,Higher Secondary,82.0,Excellent,Pass
STU2783,Student_1783,Female,15,Commerce,3rd Year,74.9,4.2,94.2,69.0,72.6,72.7,No,Yes,Undergraduate,78.6,Good,Pass
STU2784,Student_1784,Female,19,English,1st Year,100.0,3.2,44.3,58.5,90.9,43.0,Yes,Yes,School,64.6,Good,Pass
STU2785,Student_1785,Male,18,English,3rd Year,77.9,4.6,78.7,82.9,60.8,55.2,No,Yes,Higher Secondary,74.1,Good,Pass
STU2786,Student_1786,Female,16,Commerce,2nd Year,88.4,1.6,76.1,66.0,41.3,100.0,No,Yes,School,61.1,Average,Pass
STU2787,Student_1787,Female,15,English,3rd Year,83.7,3.6,73.0,77.3,93.0,95.8,Yes,Yes,Undergraduate,81.1,Excellent,Pass
STU2788,Student_1788,Female,17,Mathematics,3rd Year,100.0,0.8,64.4,34.0,81.8,78.1,Yes,Yes,Higher Secondary,60.1,Average,Pass
STU2789,Student_1789,Male,21,Commerce,1st Year,84.3,4.0,72.8,82.2,88.7,36.7,Yes,Yes,School,81.2,Excellent,Pass
STU2790,Student_1790,Female,20,Mathematics,3rd Year,76.8,3.9,50.5,100.0,89.7,51.0,Yes,Yes,Higher Secondary,80.1,Excellent,Pass
STU2791,Student_1791,Male,21,Mathematics,3rd Year,88.4,3.9,78.1,71.9,70.3,50.6,No,Yes,School,73.4,Good,Pass
STU2792,Student_1792,Female,21,Commerce,2nd Year,88.2,5.3,80.8,68.3,64.1,50.4,No,Yes,School,71.1,Good,Pass
STU2793,Student_1793,Male,16,Information Technology,1st Year,80.4,4.7,64.4,65.5,68.5,65.2,Yes,Yes,Undergraduate,66.1,Good,Pass
STU2794,Student_1794,Male,17,Commerce,1st Year,71.1,1.7,100.0,79.8,78.8,82.7,No,Yes,Undergraduate,86.2,Excellent,Pass
STU2795,Student_1795,Female,18,Commerce,2nd Year,76.7,5.3,73.2,67.7,74.4,61.5,No,Yes,Higher Secondary,71.8,Good,Pass
STU2796,Student_1796,Female,21,English,3rd Year,90.8,3.2,75.7,81.1,40.7,66.3,Yes,Yes,Postgraduate,65.8,Good,Pass
STU2797,Student_1797,Male,21,Commerce,1st Year,64.5,0.5,95.0,96.1,68.1,66.4,No,Yes,Higher Secondary,86.4,Excellent,Pass
STU2798,Student_1798,Female,19,Information Technology,1st Year,79.5,3.3,100.0,83.8,92.6,84.5,Yes,Yes,School,92.1,Excellent,Pass
STU2799,Student_1799,Male,16,English,3rd Year,91.9,4.5,58.1,69.6,70.0,84.4,No,Yes,Undergraduate,65.9,Good,Pass
STU2800,Student_1800,Male,16,Computer Science,3rd Year,81.1,2.0,66.3,56.4,100.0,73.4,Yes,Yes,Undergraduate,74.2,Good,Pass
STU2801,Student_1801,Male,18,Computer Science,1st Year,100.0,5.5,73.5,66.3,54.6,90.2,No,Yes,School,64.8,Good,Pass
STU2802,Student_1802,Male,20,Mathematics,3rd Year,64.6,2.1,63.9,69.8,75.6,65.3,Yes,Yes,Postgraduate,69.8,Good,Pass
STU2803,Student_1803,Male,15,Mathematics,1st Year,72.4,2.8,87.7,53.5,54.2,97.2,No,Yes,Undergraduate,65.1,Good,Pass
STU2804,Student_1804,Female,19,Information Technology,3rd Year,58.9,2.5,62.2,87.2,48.3,61.9,No,Yes,Postgraduate,65.9,Good,Pass
STU2805,Student_1805,Male,16,Physics,3rd Year,100.0,0.9,94.0,80.0,56.5,41.5,Yes,Yes,Undergraduate,76.8,Good,Pass
STU2806,Student_1806,Male,19,Computer Science,2nd Year,72.6,2.0,84.4,57.3,100.0,52.1,No,Yes,School,80.6,Excellent,Pass
STU2807,Student_1807,Female,16,Mathematics,3rd Year,62.1,2.4,92.5,47.1,66.0,50.7,Yes,Yes,Higher Secondary,68.5,Good,Pass
STU2808,Student_1808,Male,19,Computer Science,2nd Year,75.9,3.3,62.3,82.0,58.8,59.9,No,No,Higher Secondary,67.7,Good,Pass
STU2809,Student_1809,Female,17,Information Technology,3rd Year,68.1,0.5,69.2,49.0,70.0,87.9,Yes,Yes,Postgraduate,62.7,Average,Pass
STU2810,Student_1810,Female,21,Information Technology,1st Year,76.0,4.6,88.5,73.2,66.4,64.3,No,Yes,Higher Secondary,76.0,Good,Pass
STU2811,Student_1811,Female,16,Physics,1st Year,82.4,4.6,85.7,66.3,83.0,50.7,Yes,Yes,School,78.3,Good,Pass
STU2812,Student_1812,Male,19,Physics,3rd Year,90.0,5.3,70.7,83.2,37.4,49.2,Yes,Yes,Higher Secondary,63.8,Average,Pass
STU2813,Student_1813,Male,15,English,3rd Year,80.3,1.3,72.8,83.4,54.7,70.1,Yes,No,Postgraduate,70.3,Good,Pass
STU2814,Student_1814,Male,17,Information Technology,1st Year,82.3,3.1,68.5,60.5,83.5,93.9,Yes,Yes,School,70.8,Good,Pass
STU2815,Student_1815,Female,17,Mathematics,3rd Year,76.2,4.9,72.4,84.4,62.2,74.3,No,Yes,School,73.0,Good,Pass
STU2816,Student_1816,Male,15,Computer Science,2nd Year,66.9,5.0,60.5,67.9,57.9,85.2,Yes,Yes,Undergraduate,62.1,Average,Pass
STU2817,Student_1817,Female,19,Commerce,2nd Year,63.5,5.7,58.0,72.3,57.2,77.0,No,Yes,Undergraduate,62.5,Average,Pass
STU2818,Student_1818,Male,18,Physics,2nd Year,78.4,3.7,90.1,72.6,81.6,48.1,No,No,Higher Secondary,81.4,Excellent,Pass
STU2819,Student_1819,Female,15,Commerce,2nd Year,82.8,3.4,71.9,100.0,80.9,80.0,Yes,Yes,Postgraduate,84.3,Excellent,Pass
STU2820,Student_1820,Male,19,Mathematics,2nd Year,77.6,1.2,92.3,70.3,85.3,53.9,No,Yes,School,82.6,Excellent,Pass
STU2821,Student_1821,Male,15,Physics,3rd Year,63.9,5.1,83.9,48.6,51.4,64.7,No,Yes,Higher Secondary,61.3,Average,Pass
STU2822,Student_1822,Male,15,Commerce,3rd Year,84.0,2.8,79.7,62.0,50.5,60.2,No,Yes,Higher Secondary,64.1,Good,Pass
STU2823,Student_1823,Female,16,Mathematics,2nd Year,98.3,3.6,64.3,82.3,88.2,69.4,Yes,Yes,Undergraduate,78.3,Good,Pass
STU2824,Student_1824,Female,19,Computer Science,3rd Year,80.9,3.5,56.8,68.0,73.3,67.3,Yes,No,Higher Secondary,66.0,Good,Pass
STU2825,Student_1825,Male,18,Mathematics,3rd Year,76.2,0.5,68.1,72.2,60.3,65.3,Yes,Yes,Higher Secondary,66.9,Good,Pass
STU2826,Student_1826,Male,21,English,2nd Year,81.4,2.3,98.0,66.0,67.5,66.9,No,No,Undergraduate,77.2,Good,Pass
STU2827,Student_1827,Female,16,Physics,3rd Year,71.0,4.2,88.3,32.6,50.3,75.0,No,No,Higher Secondary,57.1,Average,Pass
STU2828,Student_1828,Female,15,Information Technology,3rd Year,70.3,3.4,66.7,61.1,61.5,66.9,No,Yes,Higher Secondary,63.1,Average,Pass
STU2829,Student_1829,Female,21,Computer Science,3rd Year,86.5,4.2,68.3,70.9,72.5,68.4,Yes,Yes,School,70.6,Good,Pass
STU2830,Student_1830,Male,20,Commerce,2nd Year,91.9,4.7,61.1,47.2,75.7,100.0,No,Yes,Higher Secondary,61.3,Average,Pass
STU2831,Student_1831,Female,21,Physics,3rd Year,80.5,2.3,51.8,55.5,68.6,86.6,No,Yes,Undergraduate,58.6,Average,Pass
STU2832,Student_1832,Male,15,Information Technology,1st Year,62.3,2.7,76.5,67.2,67.0,63.5,Yes,Yes,Undergraduate,70.2,Good,Pass
STU2833,Student_1833,Female,15,Mathematics,1st Year,85.5,3.3,100.0,67.4,81.7,72.6,No,Yes,School,83.0,Excellent,Pass
STU2834,Student_1834,Male,19,Information Technology,2nd Year,100.0,4.7,100.0,77.5,68.4,71.4,No,Yes,Undergraduate,82.0,Excellent,Pass
STU2835,Student_1835,Female,19,Physics,1st Year,79.6,3.1,84.1,68.1,62.8,72.2,No,Yes,Undergraduate,71.7,Good,Pass
STU2836,Student_1836,Female,16,Physics,2nd Year,80.2,0.8,66.0,77.0,57.8,70.7,No,Yes,Undergraduate,66.9,Good,Pass
STU2837,Student_1837,Female,18,English,1st Year,73.3,3.2,53.3,62.2,41.7,72.3,No,Yes,Higher Secondary,52.4,Average,Pass
STU2838,Student_1838,Female,16,English,1st Year,86.8,4.6,90.7,75.0,80.4,67.2,Yes,Yes,School,82.0,Excellent,Pass
STU2839,Student_1839,Female,17,Information Technology,1st Year,75.3,5.5,81.7,92.6,93.4,61.8,No,Yes,Postgraduate,89.2,Excellent,Pass
STU2840,Student_1840,Male,15,Mathematics,2nd Year,92.2,3.9,70.3,76.0,56.8,65.2,Yes,Yes,School,67.7,Good,Pass
STU2841,Student_1841,Female,21,Information Technology,2nd Year,75.4,1.3,67.8,68.7,49.7,45.0,No,Yes,School,62.1,Average,Pass
STU2842,Student_1842,Female,20,Physics,3rd Year,85.4,2.9,84.0,58.8,60.0,81.4,No,Yes,School,67.6,Good,Pass
STU2843,Student_1843,Female,15,Physics,2nd Year,81.5,4.2,62.6,73.2,74.6,78.2,No,Yes,Postgraduate,70.1,Good,Pass
STU2844,Student_1844,Male,15,Commerce,1st Year,97.6,4.8,78.6,68.9,61.9,100.0,Yes,Yes,Postgraduate,69.8,Good,Pass
STU2845,Student_1845,Female,16,English,1st Year,86.1,4.3,56.7,79.9,61.6,53.1,No,Yes,Undergraduate,66.1,Good,Pass
STU2846,Student_1846,Male,20,Commerce,2nd Year,95.9,3.1,100.0,46.5,68.7,64.9,Yes,Yes,Higher Secondary,71.7,Good,Pass
STU2847,Student_1847,Female,20,Computer Science,2nd Year,83.1,4.8,64.7,69.4,71.6,88.5,Yes,Yes,Undergraduate,68.6,Good,Pass
STU2848,Student_1848,Female,20,Physics,2nd Year,80.3,2.5,84.7,77.9,75.9,76.4,No,Yes,Undergraduate,79.5,Excellent,Pass
STU2849,Student_1849,Male,16,Commerce,3rd Year,81.6,3.8,57.0,73.8,65.3,95.5,No,Yes,Postgraduate,65.4,Good,Pass
STU2850,Student_1850,Female,15,Information Technology,1st Year,74.3,4.6,72.6,67.3,65.0,93.1,No,No,Undergraduate,68.3,Good,Pass
STU2851,Student_1851,Male,16,English,3rd Year,87.3,4.4,88.3,67.2,39.2,34.6,No,No,Undergraduate,64.9,Good,Pass
STU2852,Student_1852,Male,19,English,3rd Year,75.1,4.4,91.5,56.6,85.0,74.9,Yes,Yes,Postgraduate,77.7,Good,Pass
STU2853,Student_1853,Female,19,Mathematics,1st Year,83.1,4.4,86.4,77.3,74.0,74.9,Yes,Yes,School,79.2,Excellent,Pass
STU2854,Student_1854,Male,16,Information Technology,1st Year,90.6,1.9,72.9,77.9,94.2,70.7,No,Yes,School,81.7,Excellent,Pass
STU2855,Student_1855,Female,20,Mathematics,2nd Year,97.8,3.5,65.0,52.2,78.2,64.5,No,Yes,Postgraduate,65.1,Good,Pass
STU2856,Student_1856,Female,15,Commerce,2nd Year,83.6,2.1,58.8,82.7,68.8,94.4,No,Yes,Higher Secondary,70.1,Good,Pass
STU2857,Student_1857,Male,16,Computer Science,3rd Year,90.6,3.1,97.6,62.8,46.2,70.6,Yes,Yes,Undergraduate,68.9,Good,Pass
STU2858,Student_1858,Male,16,Information Technology,2nd Year,89.4,1.7,76.6,66.7,43.9,25.0,Yes,No,School,62.4,Average,Pass
STU2859,Student_1859,Male,16,Information Technology,2nd Year,78.2,4.0,79.3,98.0,86.8,64.4,No,Yes,Postgraduate,88.0,Excellent,Pass
STU2860,Student_1860,Male,17,Information Technology,1st Year,100.0,0.6,92.5,94.4,79.0,100.0,No,Yes,Higher Secondary,88.6,Excellent,Pass
STU2861,Student_1861,Female,19,Mathematics,1st Year,76.2,4.4,83.8,51.7,93.4,54.2,Yes,No,Undergraduate,76.3,Good,Pass
STU2862,Student_1862,Female,21,Commerce,2nd Year,82.9,3.5,73.1,54.1,84.9,89.3,No,No,Postgraduate,70.7,Good,Pass
STU2863,Student_1863,Male,20,Information Technology,1st Year,96.5,6.4,86.2,57.3,64.1,86.6,No,Yes,Postgraduate,69.2,Good,Pass
STU2864,Student_1864,Female,18,Information Technology,2nd Year,96.3,3.2,65.7,94.2,33.2,67.2,No,Yes,Postgraduate,64.4,Good,Pass
STU2865,Student_1865,Female,21,English,1st Year,82.1,3.2,51.7,63.5,79.7,73.8,Yes,Yes,Undergraduate,65.0,Good,Pass
STU2866,Student_1866,Female,20,Computer Science,1st Year,91.9,4.5,96.2,51.4,53.7,70.0,No,Yes,School,67.1,Good,Pass
STU2867,Student_1867,Female,18,English,1st Year,79.8,3.3,66.9,89.3,67.1,63.1,Yes,Yes,Undergraduate,74.4,Good,Pass
STU2868,Student_1868,Male,17,English,1st Year,77.1,3.9,70.4,80.3,76.6,61.0,Yes,Yes,Undergraduate,75.8,Good,Pass
STU2869,Student_1869,Male,16,Computer Science,2nd Year,69.9,5.0,71.8,100.0,59.9,92.3,No,Yes,School,77.2,Good,Pass
STU2870,Student_1870,Female,17,Commerce,3rd Year,89.2,3.1,66.0,80.3,56.8,68.4,Yes,Yes,Postgraduate,67.7,Good,Pass
STU2871,Student_1871,Male,17,English,1st Year,90.3,5.3,91.5,71.6,65.1,59.4,Yes,Yes,Higher Secondary,76.1,Good,Pass
STU2872,Student_1872,Male,21,Commerce,2nd Year,76.3,1.0,80.6,75.5,37.3,79.2,No,Yes,Higher Secondary,64.5,Good,Pass
STU2873,Student_1873,Male,15,English,2nd Year,84.7,5.9,70.4,65.7,53.5,77.4,No,No,School,63.2,Average,Pass
STU2874,Student_1874,Female,21,Physics,1st Year,100.0,0.8,55.9,90.3,53.2,48.6,No,Yes,School,66.5,Good,Pass
STU2875,Student_1875,Female,19,Computer Science,3rd Year,93.5,5.5,79.6,91.0,66.2,61.3,Yes,Yes,Postgraduate,78.9,Good,Pass
STU2876,Student_1876,Female,18,English,1st Year,73.0,0.7,38.2,49.8,54.8,45.5,No,Yes,Higher Secondary,47.6,Low,Fail
STU2877,Student_1877,Male,16,Physics,2nd Year,92.0,6.5,78.5,85.2,61.7,100.0,No,Yes,Higher Secondary,75.1,Good,Pass
STU2878,Student_1878,Female,21,Mathematics,3rd Year,73.0,3.7,95.1,57.0,62.9,65.6,No,No,Postgraduate,71.7,Good,Pass
STU2879,Student_1879,Female,18,Physics,2nd Year,53.0,2.1,76.0,100.0,92.0,60.8,No,Yes,School,89.3,Excellent,Pass
STU2880,Student_1880,Male,20,Information Technology,1st Year,81.8,6.3,93.1,93.2,82.3,63.5,Yes,Yes,School,89.5,Excellent,Pass
STU2881,Student_1881,Female,18,English,3rd Year,97.6,1.9,56.6,56.1,68.1,59.7,No,Yes,Postgraduate,60.3,Average,Pass
STU2882,Student_1882,Female,20,Physics,2nd Year,96.0,3.2,100.0,75.3,77.2,68.3,No,Yes,School,84.2,Excellent,Pass
STU2883,Student_1883,Male,21,Commerce,2nd Year,85.8,7.4,91.5,85.9,84.7,89.5,Yes,Yes,Undergraduate,87.4,Excellent,Pass
STU2884,Student_1884,Male,19,Mathematics,2nd Year,76.6,4.1,82.1,63.3,74.6,72.5,No,Yes,School,73.3,Good,Pass
STU2885,Student_1885,Male,21,English,1st Year,86.9,0.5,66.0,52.9,53.5,50.2,Yes,Yes,Undergraduate,57.5,Average,Pass
STU2886,Student_1886,Female,20,Information Technology,3rd Year,79.3,3.1,63.5,73.4,67.8,53.8,No,Yes,Higher Secondary,68.2,Good,Pass
STU2887,Student_1887,Female,18,Physics,1st Year,76.9,3.0,73.9,69.8,54.4,73.6,Yes,Yes,Higher Secondary,66.0,Good,Pass
STU2888,Student_1888,Female,18,Mathematics,1st Year,92.6,3.8,93.0,59.2,64.7,58.5,Yes,Yes,School,72.3,Good,Pass
STU2889,Student_1889,Male,20,English,1st Year,76.7,3.4,55.3,89.3,67.5,68.1,No,Yes,Postgraduate,70.7,Good,Pass
STU2890,Student_1890,Male,17,Mathematics,3rd Year,93.3,4.3,75.2,54.0,86.8,100.0,No,Yes,School,72.0,Good,Pass
STU2891,Student_1891,Female,19,Information Technology,1st Year,76.1,1.2,86.0,70.5,57.3,55.9,Yes,Yes,Postgraduate,71.3,Good,Pass
STU2892,Student_1892,Female,15,Physics,1st Year,100.0,2.7,88.9,74.5,56.0,49.3,No,Yes,Higher Secondary,73.1,Good,Pass
STU2893,Student_1893,Male,16,Mathematics,1st Year,65.6,4.0,86.0,76.3,58.5,59.9,No,Yes,Higher Secondary,73.6,Good,Pass
STU2894,Student_1894,Male,18,Mathematics,1st Year,72.4,2.4,53.7,87.8,60.3,44.0,No,Yes,Higher Secondary,67.3,Good,Pass
STU2895,Student_1895,Male,16,Computer Science,2nd Year,80.4,5.1,92.0,68.6,64.9,90.3,Yes,Yes,Postgraduate,75.2,Good,Pass
STU2896,Student_1896,Male,15,Mathematics,1st Year,62.2,2.4,76.0,35.6,75.3,53.6,No,Yes,Postgraduate,62.3,Average,Pass
STU2897,Student_1897,Female,21,Computer Science,2nd Year,56.3,3.7,58.7,66.6,49.4,56.4,Yes,Yes,Higher Secondary,58.2,Average,Pass
STU2898,Student_1898,Male,16,Physics,1st Year,62.2,3.3,74.6,82.2,71.8,51.0,No,Yes,School,76.2,Good,Pass
STU2899,Student_1899,Female,15,English,3rd Year,79.1,2.0,45.6,70.0,72.0,45.6,No,Yes,Postgraduate,62.5,Average,Pass
STU2900,Student_1900,Female,20,English,2nd Year,79.3,3.6,83.7,70.1,78.9,70.2,No,Yes,Undergraduate,77.6,Good,Pass
STU2901,Student_1901,Female,17,Physics,2nd Year,85.3,1.5,73.1,79.4,66.6,59.7,Yes,Yes,Higher Secondary,73.0,Good,Pass
STU2902,Student_1902,Male,18,Physics,2nd Year,80.0,2.8,55.9,81.2,83.3,43.9,No,Yes,Postgraduate,73.5,Good,Pass
STU2903,Student_1903,Male,15,Commerce,2nd Year,85.0,3.5,70.6,47.0,75.9,65.4,Yes,Yes,Higher Secondary,64.5,Good,Pass
STU2904,Student_1904,Male,16,Physics,3rd Year,77.5,1.4,64.4,71.7,75.2,76.5,No,Yes,Undergraduate,70.4,Good,Pass
STU2905,Student_1905,Male,18,Mathematics,1st Year,89.1,4.4,65.3,69.3,61.2,64.4,Yes,Yes,School,65.3,Good,Pass
STU2906,Student_1906,Female,17,English,2nd Year,87.9,3.9,41.1,73.1,74.4,80.0,No,Yes,Undergraduate,62.9,Average,Pass
STU2907,Student_1907,Male,20,Information Technology,3rd Year,78.7,4.3,49.9,44.4,75.6,96.5,Yes,Yes,School,56.6,Average,Pass
STU2908,Student_1908,Male,21,English,2nd Year,87.3,3.5,71.6,90.5,60.4,83.2,Yes,No,School,74.2,Good,Pass
STU2909,Student_1909,Female,18,Computer Science,1st Year,80.1,1.8,69.0,72.1,89.1,74.2,No,No,Postgraduate,76.7,Good,Pass
STU2910,Student_1910,Male,21,English,2nd Year,66.8,3.5,89.6,77.9,100.0,83.2,No,Yes,School,89.2,Excellent,Pass
STU2911,Student_1911,Female,15,Commerce,3rd Year,91.0,4.4,65.5,96.7,59.5,100.0,No,No,School,73.9,Good,Pass
STU2912,Student_1912,Female,17,Physics,1st Year,72.9,1.7,67.1,78.1,62.5,49.4,Yes,No,School,69.2,Good,Pass
STU2913,Student_1913,Female,16,Physics,3rd Year,90.9,1.8,67.8,50.4,62.9,80.5,Yes,No,Higher Secondary,60.4,Average,Pass
STU2914,Student_1914,Female,17,English,1st Year,85.2,3.1,72.0,70.8,49.0,56.0,No,Yes,Postgraduate,63.9,Average,Pass
STU2915,Student_1915,Female,17,Information Technology,1st Year,81.2,2.9,76.4,81.4,56.0,74.6,No,Yes,Postgraduate,71.3,Good,Pass
STU2916,Student_1916,Female,19,Information Technology,1st Year,63.2,3.5,68.9,72.8,83.7,51.2,Yes,Yes,School,75.1,Good,Pass
STU2917,Student_1917,Female,17,Commerce,2nd Year,97.4,3.1,83.6,95.9,68.7,82.3,No,Yes,Higher Secondary,82.7,Excellent,Pass
STU2918,Student_1918,Female,17,Computer Science,3rd Year,78.4,3.7,100.0,60.0,100.0,75.2,No,Yes,School,86.7,Excellent,Pass
STU2919,Student_1919,Male,18,English,3rd Year,88.3,5.3,62.6,89.4,65.4,93.5,No,Yes,Postgraduate,72.5,Good,Pass
STU2920,Student_1920,Male,16,Physics,3rd Year,80.9,4.3,80.9,83.7,76.7,66.9,Yes,Yes,Postgraduate,80.4,Excellent,Pass
STU2921,Student_1921,Male,18,English,1st Year,79.3,3.6,75.4,73.2,55.5,66.5,No,Yes,Postgraduate,68.0,Good,Pass
STU2922,Student_1922,Male,18,Commerce,2nd Year,83.9,1.8,90.7,76.6,68.2,66.6,Yes,Yes,Postgraduate,78.5,Good,Pass
STU2923,Student_1923,Female,15,Mathematics,1st Year,82.3,2.4,78.0,58.3,71.4,100.0,No,Yes,Higher Secondary,69.2,Good,Pass
STU2924,Student_1924,Male,18,Mathematics,3rd Year,79.3,4.8,64.1,67.7,36.3,80.5,Yes,Yes,Undergraduate,56.0,Average,Pass
STU2925,Student_1925,Female,19,Commerce,2nd Year,81.4,2.8,57.5,80.1,56.8,91.2,No,Yes,Undergraduate,64.8,Good,Pass
STU2926,Student_1926,Male,19,Physics,2nd Year,86.3,2.0,84.2,69.9,80.2,81.9,No,Yes,Higher Secondary,78.1,Good,Pass
STU2927,Student_1927,Male,21,Commerce,2nd Year,87.0,6.6,58.7,72.8,79.3,84.2,Yes,Yes,School,70.3,Good,Pass
STU2928,Student_1928,Male,15,Physics,3rd Year,82.4,5.8,92.8,85.9,50.0,48.9,No,Yes,Postgraduate,76.2,Good,Pass
STU2929,Student_1929,Female,21,Information Technology,2nd Year,88.2,3.3,83.3,45.3,64.2,62.6,No,Yes,Postgraduate,64.3,Good,Pass
STU2930,Student_1930,Male,21,Commerce,2nd Year,77.8,1.9,76.3,77.2,32.1,61.7,No,Yes,Postgraduate,61.9,Average,Pass
STU2931,Student_1931,Female,20,Physics,1st Year,100.0,4.6,55.3,96.9,69.9,71.9,Yes,Yes,Higher Secondary,74.0,Good,Pass
STU2932,Student_1932,Female,16,Commerce,1st Year,96.9,2.8,85.1,66.7,90.2,69.4,Yes,Yes,Higher Secondary,80.7,Excellent,Pass
STU2933,Student_1933,Male,16,Commerce,2nd Year,89.6,4.8,99.3,54.6,90.9,46.9,No,Yes,Postgraduate,81.6,Excellent,Pass
STU2934,Student_1934,Male,18,Physics,2nd Year,62.6,2.8,68.6,66.6,90.3,71.6,No,Yes,Postgraduate,75.2,Good,Pass
STU2935,Student_1935,Male,18,Physics,1st Year,88.1,6.0,63.9,50.8,78.4,40.8,No,Yes,School,64.4,Good,Pass
STU2936,Student_1936,Female,20,Computer Science,1st Year,78.6,2.7,73.6,75.2,88.5,82.6,Yes,Yes,Undergraduate,79.1,Excellent,Pass
STU2937,Student_1937,Male,18,Commerce,1st Year,72.2,7.0,82.0,71.0,67.0,72.6,No,Yes,Higher Secondary,73.3,Good,Pass
STU2938,Student_1938,Female,16,Mathematics,3rd Year,78.4,3.8,67.0,76.5,61.7,89.7,Yes,Yes,Undergraduate,68.4,Good,Pass
STU2939,Student_1939,Female,21,Commerce,3rd Year,73.3,5.6,88.5,70.2,88.2,74.2,No,Yes,Postgraduate,82.3,Excellent,Pass
STU2940,Student_1940,Male,17,Commerce,1st Year,87.1,2.7,100.0,74.7,74.6,64.1,Yes,Yes,Undergraduate,83.1,Excellent,Pass
STU2941,Student_1941,Male,19,Physics,2nd Year,98.2,1.5,80.0,78.3,41.3,47.4,Yes,Yes,Undergraduate,66.5,Good,Pass
STU2942,Student_1942,Female,17,Commerce,1st Year,90.3,0.5,70.1,55.2,89.5,65.1,No,Yes,Higher Secondary,71.6,Good,Pass
STU2943,Student_1943,Female,17,English,3rd Year,100.0,5.4,81.6,76.8,66.5,59.2,No,Yes,Higher Secondary,75.0,Good,Pass
STU2944,Student_1944,Female,16,Commerce,2nd Year,66.5,3.6,92.7,92.3,59.3,76.6,Yes,Yes,School,81.4,Excellent,Pass
STU2945,Student_1945,Male,17,English,3rd Year,76.9,1.6,77.4,58.5,85.7,64.7,Yes,Yes,Postgraduate,73.9,Good,Pass
STU2946,Student_1946,Female,20,Mathematics,2nd Year,72.6,5.5,82.3,76.3,83.5,80.1,No,Yes,School,80.7,Excellent,Pass
STU2947,Student_1947,Male,15,Physics,3rd Year,94.3,5.2,85.6,90.1,54.7,91.3,No,Yes,Higher Secondary,76.8,Good,Pass
STU2948,Student_1948,Female,18,Commerce,2nd Year,79.8,5.6,61.9,55.8,67.5,49.8,Yes,Yes,School,61.7,Average,Pass
STU2949,Student_1949,Female,15,English,2nd Year,83.9,1.5,81.9,83.2,55.5,71.0,No,Yes,Undergraduate,73.5,Good,Pass
STU2950,Student_1950,Male,21,English,2nd Year,88.3,5.4,54.9,68.9,55.9,70.3,No,Yes,Undergraduate,59.9,Average,Pass
STU2951,Student_1951,Female,19,English,2nd Year,67.5,4.1,65.1,86.2,22.1,75.7,No,Yes,Higher Secondary,57.8,Average,Pass
STU2952,Student_1952,Male,18,Information Technology,3rd Year,75.8,5.6,92.2,60.5,53.8,81.3,Yes,Yes,Undergraduate,68.8,Good,Pass
STU2953,Student_1953,Male,17,Computer Science,3rd Year,92.0,4.3,88.1,71.9,67.3,94.8,Yes,Yes,Postgraduate,75.8,Good,Pass
STU2954,Student_1954,Female,19,Mathematics,2nd Year,76.5,3.8,70.9,50.7,24.7,54.4,No,No,Higher Secondary,48.8,Low,Fail
STU2955,Student_1955,Male,18,Commerce,2nd Year,64.9,5.4,100.0,78.1,48.1,47.4,No,Yes,Postgraduate,75.4,Good,Pass
STU2956,Student_1956,Male,20,Information Technology,3rd Year,73.0,4.8,55.3,78.3,79.7,73.8,No,Yes,Higher Secondary,71.1,Good,Pass
STU2957,Student_1957,Female,20,Commerce,2nd Year,79.1,5.1,71.9,79.6,47.4,77.7,No,Yes,Higher Secondary,66.3,Good,Pass
STU2958,Student_1958,Male,20,Commerce,2nd Year,83.7,2.8,79.1,78.9,67.5,81.8,Yes,Yes,Undergraduate,75.2,Good,Pass
STU2959,Student_1959,Male,20,Physics,2nd Year,81.3,3.2,32.9,70.7,43.5,59.6,Yes,Yes,Higher Secondary,49.0,Low,Fail
STU2960,Student_1960,Male,17,Physics,1st Year,75.9,0.9,72.6,51.3,76.6,47.3,Yes,Yes,Higher Secondary,66.8,Good,Pass
STU2961,Student_1961,Female,15,Physics,2nd Year,91.4,2.7,58.1,85.9,64.8,89.3,No,Yes,School,69.6,Good,Pass
STU2962,Student_1962,Male,18,Information Technology,1st Year,80.7,4.7,58.5,71.5,55.3,78.7,No,Yes,Undergraduate,61.8,Average,Pass
STU2963,Student_1963,Female,17,Commerce,2nd Year,84.1,4.3,70.9,77.5,27.7,65.3,Yes,Yes,Postgraduate,58.7,Average,Pass
STU2964,Student_1964,Female,20,Computer Science,3rd Year,76.4,2.0,47.6,69.4,55.7,38.8,Yes,Yes,Higher Secondary,57.6,Average,Pass
STU2965,Student_1965,Male,21,Mathematics,1st Year,97.1,5.4,62.9,99.4,80.6,61.0,No,Yes,Postgraduate,81.0,Excellent,Pass
STU2966,Student_1966,Male,15,Physics,1st Year,78.1,8.0,48.0,64.1,94.8,81.4,No,Yes,School,69.0,Good,Pass
STU2967,Student_1967,Male,21,Physics,2nd Year,82.7,2.1,76.9,63.5,66.5,77.5,No,Yes,Higher Secondary,69.0,Good,Pass
STU2968,Student_1968,Female,19,Commerce,2nd Year,92.3,3.2,76.6,50.1,68.4,50.3,Yes,Yes,Postgraduate,65.0,Good,Pass
STU2969,Student_1969,Male,21,Commerce,1st Year,84.8,2.6,69.8,73.6,59.2,80.3,No,Yes,Undergraduate,67.5,Good,Pass
STU2970,Student_1970,Male,19,Information Technology,3rd Year,84.6,3.4,89.9,98.0,89.7,69.7,Yes,Yes,School,92.5,Excellent,Pass
STU2971,Student_1971,Male,19,Information Technology,3rd Year,62.3,3.9,70.6,73.8,66.1,90.0,Yes,Yes,School,70.2,Good,Pass
STU2972,Student_1972,Male,20,Physics,2nd Year,88.8,2.5,74.7,75.2,84.3,60.5,Yes,Yes,Postgraduate,78.1,Good,Pass
STU2973,Student_1973,Male,19,Commerce,3rd Year,82.6,3.1,61.4,85.6,74.0,61.7,Yes,Yes,Higher Secondary,73.7,Good,Pass
STU2974,Student_1974,Female,16,Computer Science,3rd Year,87.4,3.6,40.5,74.3,72.0,72.7,No,Yes,Higher Secondary,62.3,Average,Pass
STU2975,Student_1975,Female,18,Mathematics,2nd Year,83.8,4.2,72.8,88.8,53.7,64.7,No,Yes,Undergraduate,71.8,Good,Pass
STU2976,Student_1976,Male,18,Commerce,3rd Year,76.4,5.7,70.9,90.9,98.5,57.9,Yes,Yes,Undergraduate,86.8,Excellent,Pass
STU2977,Student_1977,Male,20,Commerce,2nd Year,90.9,3.5,100.0,63.7,93.5,98.6,No,Yes,Higher Secondary,85.7,Excellent,Pass
STU2978,Student_1978,Male,16,English,1st Year,84.0,2.7,85.0,52.0,100.0,92.3,Yes,Yes,School,79.0,Good,Pass
STU2979,Student_1979,Male,21,Information Technology,2nd Year,69.1,4.5,68.8,81.7,52.4,56.6,No,Yes,Undergraduate,67.6,Good,Pass
STU2980,Student_1980,Female,17,Mathematics,1st Year,95.1,4.1,77.1,76.5,74.2,74.3,Yes,Yes,Undergraduate,75.9,Good,Pass
STU2981,Student_1981,Male,21,Physics,1st Year,67.7,3.2,88.6,57.4,57.3,48.0,Yes,Yes,School,67.8,Good,Pass
STU2982,Student_1982,Female,17,Commerce,3rd Year,91.0,4.2,82.8,62.5,77.1,96.5,Yes,Yes,Higher Secondary,74.1,Good,Pass
STU2983,Student_1983,Female,19,Physics,3rd Year,96.9,2.9,100.0,62.5,74.7,82.4,No,Yes,Postgraduate,79.1,Excellent,Pass
STU2984,Student_1984,Male,15,Commerce,3rd Year,70.9,2.7,63.2,74.1,63.4,86.1,No,Yes,Undergraduate,66.9,Good,Pass
STU2985,Student_1985,Female,17,Physics,2nd Year,80.8,0.7,89.6,86.0,66.3,67.2,No,Yes,School,80.6,Excellent,Pass
STU2986,Student_1986,Female,15,Mathematics,3rd Year,79.8,3.0,68.7,86.7,100.0,88.6,Yes,Yes,Undergraduate,85.1,Excellent,Pass
STU2987,Student_1987,Female,18,Information Technology,1st Year,80.3,0.9,77.9,83.1,67.8,88.7,No,Yes,School,76.3,Good,Pass
STU2988,Student_1988,Female,15,Mathematics,3rd Year,100.0,2.5,66.6,67.9,34.8,68.5,No,Yes,Undergraduate,56.4,Average,Pass
STU2989,Student_1989,Male,18,English,3rd Year,71.1,4.4,72.9,100.0,61.4,53.8,No,Yes,Higher Secondary,78.1,Good,Pass
STU2990,Student_1990,Male,16,Computer Science,2nd Year,78.9,1.2,78.2,72.5,52.5,77.5,No,Yes,School,67.7,Good,Pass
STU2991,Student_1991,Female,16,Information Technology,2nd Year,97.0,3.2,83.9,66.6,55.3,69.1,No,Yes,Postgraduate,68.6,Good,Pass
STU2992,Student_1992,Male,20,Mathematics,1st Year,78.8,3.6,75.9,52.9,81.3,98.8,No,Yes,Postgraduate,70.0,Good,Pass
STU2993,Student_1993,Male,20,English,2nd Year,72.6,3.1,37.7,67.1,84.3,71.8,No,Yes,Undergraduate,63.0,Average,Pass
STU2994,Student_1994,Male,19,Computer Science,3rd Year,84.6,2.8,73.8,78.1,56.5,72.6,Yes,Yes,Postgraduate,69.5,Good,Pass
STU2995,Student_1995,Male,17,English,2nd Year,90.1,4.0,97.1,49.8,61.2,83.1,No,Yes,Undergraduate,69.4,Good,Pass
STU2996,Student_1996,Male,19,Commerce,1st Year,78.1,4.2,73.7,58.6,58.8,71.0,No,Yes,School,63.7,Average,Pass
STU2997,Student_1997,Female,18,Commerce,3rd Year,87.5,3.5,97.5,65.5,94.3,81.4,Yes,Yes,School,85.8,Excellent,Pass
STU2998,Student_1998,Male,19,Physics,1st Year,68.2,2.9,73.2,61.1,84.7,62.9,Yes,Yes,Postgraduate,73.0,Good,Pass
STU2999,Student_1999,Male,15,Information Technology,2nd Year,68.8,4.8,51.4,60.0,80.8,54.2,No,Yes,Postgraduate,64.1,Good,Pass
STU3000,Student_2000,Male,18,Commerce,2nd Year,77.6,1.5,68.5,87.7,53.5,57.3,No,Yes,Higher Secondary,69.9,Good,Pass
